id,subject
1,Abbot
2,"Abbots, Jacob"
3,Abbott
4,"Abbott, Captain"
5,"Abbott, Gorham D."
6,"Abbott, Henry L."
7,"Abbott, Jacob"
8,"Abbott, Joseph"
9,"Abbott, Joseph (soldier)"
10,"Abert, William S."
11,Abolition
12,Abortion
13,Abraham
14,Abrahams
15,Abrams
16,"Ackland, Dr."
17,Actors
18,Adams
19,Adams (acquaintance)
20,Adams (bear keeper)
21,Adams (Virginia)
22,"Adams, Henry S."
23,"Adams, James H."
24,"Adams, Julius W."
25,Addey
26,Addison
27,"Addison, Joseph"
28,Adirondac (Ship)
29,Adrian
30,"Adrien, Professor"
31,African American troops
32,African Americans
33,"Agnew, Mary"
34,Agriculture
35,Aiken
36,Aiken (Ship)
37,"Aiken, Captain"
38,Alabama (Ship)
39,"Alabama Infantry Regiment, 9th"
40,Albert
41,"Albert, Prince Consort of Victoria, Queen of Great Britain"
42,Albina
43,"Alboni, Marietta"
44,Alcock
45,"Alcock, Mrs."
46,"Alden, B.R."
47,"Alden, Miss"
48,"Aldrich, Thomas Bailey"
49,"Alee, Bisharut"
50,"Alexander, Betsy"
51,"Alexander, Richard H."
52,"Alexander, Richard M."
53,Alfred
54,"Alfred, King of England"
55,Alice
56,"Allen, Captain"
57,"Allen, Colonel"
58,"Allen, Daniel S."
59,"Allen, Robert"
60,"Allen, Robert, Captain"
61,"Allen, Senator"
62,"Allen, Sergeant-Major"
63,"Allen, Stafford"
64,Allom
65,"Allom, Amy"
66,"Allom, Arthur"
67,Almshouses
68,"Almy, Captain"
69,"Alsop, Robert"
70,"Alvord, C.A."
71,Amanda (Ship)
72,Ambrose
73,American Tract Society
74,American Whig review.
75,Ames
76,Ames (inventor)
77,"Amesbury, Frank"
78,"amoreau, Charles (Brown)"
79,"Amory, General"
80,Amputation
81,Amy (Aunt)
82,"Anastanzel, Colonel"
83,Anastasia Island (Fla.)
84,Anderson
85,Anderson (actor)
86,Anderson (reporter)
87,"Anderson, (journalist)"
88,"Anderson, Fred"
89,"Anderson, Mrs."
90,"Anderson, Pelham"
91,"Anderson, Robert"
92,Andre
93,Andreotti
94,"Andreotti, Mrs."
95,Andrew
96,"Andrew, John"
97,"Andrew, John A."
98,Andrews
99,"Andrews, George"
100,"Andrews, Hardin"
101,Angee
102,Angeline
103,Anna (Aunt)
104,Annie Taylor (Ship)
105,Annoot
106,"Annoot, Emily"
107,"Annoot, Mrs."
108,"Anthon, Philip H."
109,Anthony
110,Anthony (photographer)
111,Antislavery standard.
112,Appleton
113,April Fools' Day
114,Arago (Ship)
115,"Archibald, Edward Mortimer"
116,Architectural drawing
117,Ariel (Ship)
118,"Arkansas Cavalry Regiment, 4th"
119,Armstrong
120,"Armstrong, H. G."
121,Army of the Potomac (Union)
122,Arnold
123,"Arnold, George"
124,"Arnold, Jack"
125,"Arnold, Miss"
126,"Arnold, Richard"
127,"Arrowsmith, Thomas V."
128,Artemus (C. F. Brown)
129,Artiaga
130,"Artiaga, Mrs."
131,Artists
132,Arundel Club
133,"Ashley, Colonel"
134,Asia (Ship)
135,Assault and battery
136,Associated Press
137,"Astor, William B."
138,Asylums
139,Atchien
140,Atheism
141,Atkinson
142,Atlantic monthly.
143,Atlas.
144,"Atwill, Charles A."
145,Atwood
146,Atwood (advertiser)
147,"Atwood, Captain"
148,Auctions
149,"Augur, Christopher Colon"
150,Augusta (Ship)
151,Austin
152,Autumn
153,"Averill, Colonel"
154,Avery
155,Avery (Charleston)
156,"Avery, L."
157,Ayliffe
158,"Ayres, C.G."
159,"Ayres, Romeyn Beck"
160,"Babbage, George"
161,Babcock
162,"Babcock, Lieutenant"
163,"Bache, Alexander Dallas"
164,Bacon
165,"Bacon, Captain"
166,"Bacon, Captain (New York)"
167,"Bacon, Delia"
168,"Bacon, Francis"
169,Badean
170,Bagett
171,"Bagster, Cornelius"
172,"Bagster, Cornelius Birch"
173,"Bagster, Cornelius Birch, Mrs."
174,"Bagster, Jonathan"
175,Bailey
176,"Bailey, Dr."
177,Baker
178,Baker (artist)
179,Baker (engraver)
180,Baker (London)
181,"Baker, Colonel"
182,"Baker, Francis"
183,"Baker, Francis, Mrs."
184,"Baker, George"
185,"Baker, Jemmy"
186,"Baker, Jemmy, Mrs."
187,"Baker, Jesse K."
188,Baldwin
189,"Baldwin, Colonel"
190,"Baldwin, Mr."
191,"Baldwin, Mrs."
192,Ballet
193,Balloons
194,"Ballou, Maturin Murray"
195,Balls (Parties)
196,Baltimore (Ship)
197,Bancker
198,Bangs
199,Banker
200,Banker (boarder)
201,Bankruptcy
202,Banks and banking
203,"Banks, A.F."
204,"Banks, Nathaniel Prentiss"
205,"Bannister, Major"
206,"Baraguey d'Hilliers, Louis-Achille"
207,"Barber and Botchards (New York, N.Y.)"
208,Barbers
209,Barker
210,"Barker, Mrs."
211,Barkis
212,Barnard
213,"Barnard, Lieutenant"
214,Barnes
215,"Barnum, P.T."
216,Barr
217,"Barr, Mary"
218,"Barr, Miss"
219,Barrington
220,"Barrios, Justo Rufino"
221,Barry
222,"Barry, A.C."
223,Bars (Drinking establishments)
224,Barth
225,"Barth, Mrs."
226,"Barth, William"
227,"Barth, William, Mrs."
228,Bartholomew
229,Bartlett
230,"Bartlett, Lieutenant"
231,"Bartlett, Mr."
232,Barton
233,"Barton, Kate"
234,"Barton, Mrs."
235,Bartow
236,"Bartow, Mrs."
237,Basmaison
238,Bass
239,"Bass, Richard"
240,Bassford
241,"Bassi, Ugo"
242,"Batchelder, C.T."
243,Bateman
244,"Bateman, Miss"
245,"Bateman, Mrs."
246,"Bates, James L."
247,Baths
248,Battle of Antietam (Md.)
249,Battle of Ball's Bluff (Va.)
250,Battle of Baton Rouge (La.)
251,"Battle of Bull Run, First (Va.)"
252,"Battle of Bull Run, Second (Va.)"
253,"Battle of Corinth, First (Miss.)"
254,"Battle of Corinth, Second (Miss.)"
255,Battle of Fair Oaks (Va.)
256,Battle of Hanover Courthouse (Va.)
257,Battle of Shiloh (Tenn.)
258,Battle of Williamsburg (Va.)
259,Battle of Yorktown (Va.)
260,Baudoin
261,Baum
262,"Baxter, Captain"
263,"Baxter, Sally"
264,Bayard
265,"Baylis, Mrs."
266,Beach
267,"Beach, John"
268,Beaufort
269,"Beaumont, M.H."
270,"Beauregard, P.G.T."
271,"Beazley, Miss"
272,"Beazley, Samuel"
273,"Beckford, William"
274,"Beckwith, Edward G."
275,Beecher
276,"Beecher, Catharine E."
277,"Beecher, Henry Ward"
278,Beers
279,"Beers, Samuel"
280,"Behm, Miss"
281,"Bell, Colonel"
282,"Bell, Commander"
283,"Bell, F.H."
284,Bella
285,Bellenger
286,"Bellew, Allie"
287,"Bellew, Francis-John"
288,"Bellew, Francis-John, Mrs. (Temple)"
289,"Bellew, Frank"
290,"Bellew, Frank, Jr."
291,"Bellew, Frank, Mrs."
292,"Bellew, Patrick Beckett"
293,"Bellew, Patrick Beckett, Mrs."
294,"Bellew, Robert"
295,Bellinger
296,"Bellinger, Mrs."
297,Bellman
298,Bellow
299,Bellows
300,"Bement, Major"
301,Ben Franklin (Ship)
302,"Bendix, Colonel"
303,"Benedict, E.C., Mrs."
304,"Benedict, Lewis, Jr."
305,"Benham, Captain"
306,"Benham, Henry Washington"
307,Benjamin
308,Benjamin (Michigan)
309,"Benjamin, Miss"
310,"Benjamin, Park"
311,"Benkard, James"
312,"Bennet, Hannah"
313,"Bennet, Julia"
314,Bennett
315,Bennett (England)
316,Bennett (reporter)
317,"Bennett,  Hannah"
318,"Bennett, Captain"
319,"Bennett, Charlotte"
320,"Bennett, Charlotte (Gazey)"
321,"Bennett, Hannah"
322,"Bennett, I.S.K."
323,"Bennett, James Gordon"
324,"Bennett, John"
325,"Bennett, Mary"
326,"Bennett, Michael"
327,"Bennett, Mrs."
328,"Bennett, Mrs. (passenger)"
329,"Bennett, Sr."
330,"Bennett, William"
331,Bentley
332,"Bentley, Dr."
333,Benton
334,"Berdan, Hiram"
335,Berghans
336,Bergman
337,"Berret, C.B."
338,"Berry, Dr."
339,"Berry, Hiram Gregory"
340,"Berry, Mrs."
341,Besnard
342,Bessie
343,Bessy
344,Bessy (Aunt)
345,Best
346,Bethel
347,Beukman
348,Bevan
349,"Bey, Mason"
350,"Bezley, William"
351,"Bezley, William, Mrs."
352,Bezly
353,"Bezly, Ann (Drinkwater)"
354,Bierstadt
355,"Bigelow, John"
356,Bill
357,Billiards
358,Billington
359,"Bilton, Bill"
360,"Bilton, Hannah"
361,"Bilton, Mary"
362,"Bird, Dr."
363,Birds
364,Birdsall
365,"Birney, David Bell"
366,Birthdays
367,"Bishop, Anna"
368,"Bishop, Stephen"
369,"Bishop, Stephen, Mrs."
370,Bissell
371,"Bissinger, P."
372,"Black, Colonel"
373,"Black, Mrs."
374,"Blaisdell, Colonel"
375,Blake
376,"Blake, Dr."
377,"Blake, E.D."
378,Blakeman
379,"Blakeman, Dr."
380,"Blakeman, William"
381,Blanchard
382,"Blanchard, Albert H."
383,"Blanchard, Captain"
384,Bland
385,"Bland, Jr."
386,Blankman
387,"Blankman, Edmond"
388,"Blankman, Edmund"
389,"Blankman, Mrs."
390,"Blatchford, Richard Milford"
391,"Bligh, Robert"
392,"Bligh, Robert, Mrs."
393,"Blight, Robert, Mrs."
394,"Bliss, Lieutenant"
395,"Blondeau, A."
396,"Blondin, Charles"
397,"Blondin, Charles, Mrs."
398,Blondine
399,Blood
400,"Blood, Mrs."
401,Blunt
402,Boardinghouses
403,"Boardman, A.W."
404,Bob
405,Bobbett
406,"Bobbett and Edmonds (New York, N.Y.)"
407,Bockes
408,Bodisco
409,Bogardus
410,Bogart
411,"Bogart, Lieutenant"
412,Bogert
413,Boggs
414,"Boggs, Mrs."
415,Bohemians
416,Boker
417,Boley
418,"Boley, Albert"
419,"Boley, Susan"
420,"Bolton, Charlotte"
421,"Bolton, Edwin"
422,"Bolton, George"
423,"Bolton, Harry"
424,"Bolton, Henry"
425,"Bolton, Henry, Sr."
426,"Bolton, John"
427,"Bolton, Joseph"
428,"Bolton, Jr."
429,"Bolton, Mary"
430,"Bolton, Minnie"
431,"Bolton, Richard"
432,"Bolton, Rosa (Gunn)"
433,"Bolton, Sara Ann"
434,"Bolton, Sarah (Gunn)"
435,"Bolton, Sarah Ann"
436,"Bolton, Squire"
437,"Bolton, William"
438,"Bolton, William, Sr."
439,"Bonaparte, Lucien, prince de Canino"
440,Bonar
441,Bonesell
442,"Bonestal, Miss"
443,"Bonestal, Truman"
444,"Bonheur, Rosa"
445,"Bonnefous, L."
446,"Bonner, John"
447,"Bonner, Robert"
448,Bookhart
449,Books and reading
450,"Booth, W.A."
451,Bossy
452,"Boston Common (Boston, Mass.)"
453,Boston post.
454,Boston times.
455,"Boswell, James"
456,"Boucicault, Dion"
457,"Boucicault, Dion, Mrs."
458,Bouligny
459,"Bourne, Bertha Frances Blake (Gun)"
460,"Bourne, Henry Blake"
461,"Boutcher, Jack"
462,"Boutcher, Jane Elizabeth"
463,"Boutcher, Miss"
464,"Boutcher, William"
465,"Boutelle, Captain"
466,"Boweryem, George"
467,"Bowles, Robert"
468,Bowman
469,"Bowman, Amos"
470,"Bowman, Benjamin"
471,"Bowman, Benjamin, Mrs."
472,"Bowman, Carrie"
473,"Bowman, Isaac"
474,"Bowman, Lizzie"
475,Bowyer
476,Boyce
477,Boyd
478,Boyd (Niagara)
479,"Boyd, Francis E."
480,Boyne
481,Boynton
482,Bradbury
483,Bradbury (boarder)
484,"Bradbury, Anna"
485,"Bradbury, Mrs. (boarder)"
486,"Bradish, Luther"
487,Bradley
488,"Bradley, Lieutenant"
489,Bradshaw
490,"Brady, Matthew"
491,"Bragg, Braxton"
492,"Bragg, Hamilton"
493,Brainard
494,Braithewaite
495,Braithwaite
496,"Braithwaite, J. Bevan"
497,"Branch, Steve"
498,"Brand, Captain"
499,Brandt
500,Brannan
501,"Brannan, John Milton"
502,"Brannan, Mrs."
503,"Brant, Mrs."
504,Brayfogle
505,Brazilleiro (Ship)
506,"Breckinridge, John C."
507,Breed
508,Brentnall
509,"Brett, Francis"
510,Brevoort
511,"Brewer, F.A."
512,Brice
513,Bricher
514,"Bridgeman, J.V."
515,"Bridgeman, John"
516,"Bridgeman, Mrs."
517,Bridgens
518,Bridges
519,Bridget
520,"Bridgmon, Jack"
521,"Bridlong, Adela R. (Herbert)"
522,Briggs
523,"Briggs, Charles F."
524,"Brigham, William T."
525,"Bright, John"
526,Brightly
527,"Brink, Henry"
528,"Brinsley, Silenus"
529,Brinton
530,"Brinton, Eugenie Addie"
531,"Brisbane, Albert"
532,Britt
533,Britton
534,Broadway (ship)
535,"Broadway Music Hall (New York, N.Y.)"
536,"Broadway Parlor Opera (New York, N.Y.)"
537,"Broderick, David C."
538,Brodie
539,"Brodnax, Dr."
540,"Broeck, Ten"
541,"Broeck, Ten, Mrs."
542,"Bromley, Sarah"
543,"Bronte, Charlotte"
544,"Bronte, Emily"
545,"Bronwer, John H."
546,Brook
547,"Brook, Louisa"
548,"Brook, Mrs."
549,"Brooke, Nina"
550,Brooklyn (Ship)
551,Brooks
552,Brooks (acquaintance)
553,Brooks (pilot)
554,"Brooks, James"
555,"Brooks, Mrs."
556,"Brooks, Nina"
557,"Brooks, Preston S."
558,Brothels
559,Brotherhead
560,"Brough, Mrs."
561,Brougham
562,"Brougham, John"
563,"Brougham, Lord"
564,Brown
565,Brown (acquaintance)
566,Brown (lithographer)
567,Brown (Michigan)
568,Brown (photographer)
569,"Brown, Albert"
570,"Brown, Alfred"
571,"Brown, Alfred, Mrs."
572,"Brown, Charley"
573,"Brown, Colonel"
574,"Brown, Dr."
575,"Brown, Edward"
576,"Brown, Emma"
577,"Brown, George"
578,"Brown, George, Mrs. (Bartholomew, Winchester)"
579,"Brown, Henry"
580,"Brown, J.B."
581,"Brown, J.B., Lieutenant"
582,"Brown, James"
583,"Brown, John"
584,"Brown, John, Jr."
585,"Brown, John, Mrs."
586,"Brown, Joseph E."
587,"Brown, Josie"
588,"Brown, Lieutenant-Colonel"
589,"Brown, Life"
590,"Brown, Margaret"
591,"Brown, Mortimer"
592,"Brown, William"
593,"Brown, William, Mrs."
594,"Browne, Fanny"
595,"Browning, Elizabeth Barrett"
596,"Browning, Robert"
597,Brownlaw
598,Bruce
599,"Bruce, General"
600,"Brush, Mrs."
601,Bryan
602,Bryant
603,Bryant (editor)
604,"Bryant, Mrs."
605,Buchanan
606,"Buchanan, Captain"
607,"Buchanan, Commander"
608,"Buchanan, James"
609,Buckley
610,Buckley (passenger)
611,"Buckley, Mary"
612,"Bucklin, Mary"
613,"Bucklin, Miss"
614,"Buckner, Simon Bolivar"
615,"Buell, Don Carlos"
616,"Buffington, Captain"
617,"Buffington, Colonel"
618,"Buffington, J."
619,Bulkley
620,"Bull, Becky"
621,"Bull, Colonel"
622,"Bull, Miss"
623,"Bullock, Alfred W."
624,"Bunch, John"
625,"Bunch, Robert"
626,"Bunker Hill Monument (Boston, Mass.)"
627,Bunnell
628,"Bunnell and Price (New York, N.Y.)"
629,"Buntline, Ned"
630,"Burdell, Harvey"
631,Burger
632,Burgess
633,"Burke, Bernard, Sir"
634,"Burke, Sergeant"
635,Burkhardt
636,"Burkhardt, Mrs."
637,Burlesque (Theater)
638,Burley
639,"Burndollar, Lieutenant"
640,Burnett
641,"Burnett, Captain"
642,"Burns, Henry"
643,"Burns, Laurence"
644,"Burns, Robert, Rev."
645,Burnside (Ship)
646,"Burnside, Ambrose Everett"
647,Burr
648,"Burr, Chauncey"
649,"Burrill, Colonel"
650,"Burroughs, George, Mrs."
651,"Burt, William L."
652,"Burtenshaw, Nellie"
653,"Burtis, Miss"
654,"Burtis, Mrs."
655,Burton
656,"Burton, W.E."
657,"Burwell, Lewis"
658,Bush
659,"Bushel, Mrs."
660,Business
661,Butchers
662,Butler
663,Butler (Grandfather)
664,Butler (Philadelphia)
665,"Butler, Benjamin F."
666,"Butler, Edward"
667,"Butler, Francis"
668,"Butler, Francis, Mrs."
669,"Butler, Joe"
670,"Butler, Joline"
671,"Butler, Lieutenant"
672,"Butler, Mary"
673,"Butler, Millicent"
674,"Butler, Mrs."
675,"Butler, Mrs. (boarder)"
676,"Butler, Mrs. (Grandmother)"
677,"Butler, Samuel"
678,"Butler, Tom"
679,"Butler, Warren"
680,"Butler, Warren, Mrs."
681,"Butler, William"
682,"Butler, William, Jr."
683,Butt
684,"Butt, Major"
685,"Butt, Martha Haines"
686,"Buttre, J.C."
687,Buxell
688,Byers
689,"Bynum, Major"
690,Byrne
691,"Byron, George Gordon Byron, Baron"
692,"Cable, George"
693,"Cady, Daniel"
694,Cahill
695,"Cahill, Delany, Miss"
696,"Cahill, Eldredge, Grace (Thomson)"
697,"Cahill, Frank"
698,"Cahill, Joseph"
699,"Cahill, Mrs."
700,Caldwell
701,"Calhoun, John"
702,"Calhoun, John C."
703,Callanan
704,"Cameron, General"
705,"Cameron, J.G."
706,"Cameron, Simon"
707,camp life
708,Camp meetings
709,"Campau, J. Barnabas"
710,Campbel
711,"Campbel, Mrs."
712,Campbell
713,Campbell (artist)
714,"Campbell, Lizzie"
715,Campeau
716,Campion
717,Canandiagua (Ship)
718,Cannibalism
719,"Cannon, Captain"
720,"Cannon, John"
721,"Canterbury Hall (New York, N.Y.)"
722,"Capdeville, Pedro"
723,Card games
724,Carleton
725,"Carleton, Walter"
726,Carlyle
727,"Carlyle, Thomas"
728,Caroll
729,Carpendale
730,Carpenter
731,Carpenter (Deputy Superintendent)
732,"Carpenter, Mrs."
733,Carpet bag.
734,Carrington
735,Carroll
736,"Carroll, Miss"
737,"Carroll, S. S."
738,"Carruth, Captain"
739,"Carter, James C."
740,Cary
741,"Cary and Hart (Philadelphia, Pa.)"
742,Case
743,Case (director)
744,"Case, Mrs."
745,"Casey, Silas"
746,Cash
747,"Cash, Mrs."
748,"Cass, Lewis"
749,"Cassell, John"
750,Cassell's magazine.
751,"Castillo de San Marcos (Saint Augustine, Fla.)"
752,Castle
753,"Castle Garden (New York, N.Y.)"
754,"Castle Pinckney (Charleston, S.C.)"
755,"Castle Williams (New York, N.Y.)"
756,"Castle, Hannah"
757,Casualties
758,"Catlin, George"
759,Cats
760,Catskill Mountains (N.Y.)
761,Cattermole
762,Caughey
763,Caughthrane
764,"Cavendy, Captain"
765,Cayuga (Ship)
766,"Ceider, Ernest"
767,Cemeteries
768,"Central Park (New York, N.Y.)"
769,Century.
770,"Cervantes Saavedra, Miguel de"
771,Chachar
772,Chadwick
773,"Chadwick, John"
774,"Chamber Street Savings Bank (New York, N.Y.)"
775,Chamberlain
776,"Chamberlain, Mrs."
777,Champlin
778,Chandler
779,"Chandler, Colonel"
780,"Chandos, Marquis of"
781,Chapin
782,"Chapin, C."
783,"Chapin, E.H."
784,"Chapin, E.H., Mrs."
785,"Chapman, Caroline S. (Crockett)"
786,Charles
787,"Charles I, King of England"
788,"Charles II, King of England"
789,Charleston courier.
790,Charleston evening news.
791,"Charleston Hotel (Charleston, S.C.)"
792,Charleston mercury.
793,Chase
794,"Chase, A.B."
795,"Chase, Mrs."
796,"Chaucer, Geoffrey"
797,Chauprau
798,Checkley
799,"Cheney, F."
800,Chicago tribune.
801,"Chickering, George H."
802,"Chickering, Jonas"
803,"Chickering, Thomas E."
804,"Child, Captain"
805,"Child, Lydia Maria"
806,Childbirth
807,Children
808,Childs
809,Childs (California)
810,"Child-Villiers, Clementina, Lady"
811,"Chils, Judge"
812,Chilton
813,Chinese
814,"Chinn, Captain"
815,"Chinn, Colonel"
816,Chinner
817,"Chinner, Mary Anne"
818,"Chinner, Mrs."
819,Chloroform
820,"Choate, O."
821,"Choate, Rufus"
822,"Christ, Colonel"
823,Christmas
824,Christmas decorations
825,Christmas stockings
826,Christopher
827,Church
828,Church (Tennessee)
829,Church buildings
830,"Church, Captain"
831,"Church, Mrs."
832,"Church, Mrs. (Andreotti)"
833,Ciceroacchio
834,Cill
835,Cincinnati (Ship)
836,Circus
837,"Cisco, John J."
838,City of Washington (Ship)
839,Civil War
840,Claher
841,Clairvoyants
842,"Clancy, John"
843,"Clapp, George"
844,"Clapp, Henry, Jr."
845,"Clare, Ada"
846,Clark
847,Clark (acquaintance)
848,Clark (policeman)
849,"Clark, Captain"
850,"Clark, Gaylord"
851,"Clark, J."
852,"Clark, John S."
853,"Clark, Louis"
854,"Clark, Mrs. (Kate Fisher)"
855,"Clark, W."
856,"Clarke, Gaylord"
857,"Clarke, George"
858,"Clarke, Miss"
859,"Clarke, William"
860,"Clason, A.W."
861,Clay
862,"Clay, Cassius M."
863,"Clay, Henry"
864,Cleaves
865,"Clemo, Isabella"
866,Cleveland (Ship)
867,"Cleveland, Grover"
868,Clifton (Ship)
869,"Clifton, Ada"
870,"Clifton, Captain"
871,"Clinton, Captain"
872,Clothing and dress
873,"Coan, Ira S."
874,Coates
875,Cobb
876,"Cobb, Myron H."
877,"Cobb, Myron H., Mrs."
878,Cobden
879,"Coburn, Harry N."
880,"Cochrane, John"
881,"Cocks, Colonel"
882,Cockshaw
883,Cofield
884,Cogg
885,Cohen
886,"Colcord, Harry"
887,Collard
888,"Collard, Mrs."
889,Collins
890,"Collins, Napoleon"
891,"Collins, Wilkie"
892,Collinson
893,"Collinson, Bill"
894,"Collinson, Mrs."
895,Colston
896,"Colt, Amos H."
897,"Colt, Amos H., Mrs."
898,"Colt, Samuel"
899,Coltart
900,"Coltart, Miss"
901,Colter
902,Colton
903,Columbia (Ship)
904,"Columbus, Christopher"
905,Comegys
906,"Commerford, John"
907,Commodore
908,"Compston, Miss"
909,Conant
910,Concerts
911,"Coney Island (New York, N.Y.)"
912,Confidence (Ship)
913,Congress (Ship)
914,Congreve
915,"Conkling, John P."
916,"Conkling, Roscoe"
917,Connecticut (Ship)
918,"Connecticut Infantry Regiment, 13th"
919,"Connecticut Infantry Regiment, 23rd"
920,"Connecticut Infantry Regiment, 25th"
921,"Connecticut Infantry Regiment, 2nd"
922,"Connecticut Infantry Regiment, 7th"
923,"Connolly, Justice"
924,Connor
925,"Connor, Mrs."
926,"Connor, Stephen"
927,"Constable, D.C."
928,Constellation.
929,Continental magazine.
930,Conway
931,"Conway, Francis"
932,Conworth
933,"Conworth, Edwin"
934,"Conworth, John"
935,"Conworth, Miss"
936,"Conworth, Mrs."
937,"Conworth, Sarah"
938,"Conworth, Sarah (Bolton)"
939,"Conworth, Sarah Ann"
940,"Conworth, Sarah Ann (Bolton)"
941,"Conworth, Ted"
942,"Conworth, William"
943,Cook
944,"Cooke, George Frederick"
945,"Cooke, Jay"
946,"Coolidge, T. Jefferson"
947,Cooper
948,"Cooper Institute (New York, N.Y.)"
949,"Cooper, A.K.P."
950,"Cooper, Captain"
951,"Cooper, Lucia"
952,"Cooper, Mrs."
953,"Cooper, Peter"
954,"Cooper, Peter, Mrs."
955,Copcutt
956,"Coppell, George"
957,Copperthwade
958,Coppia
959,Corbett
960,Corbett (England)
961,Corbin
962,Corbyn
963,"Corbyn, Wardle"
964,"Corbyn, Wardle, Mrs."
965,"Corday, Charlotte"
966,"Corning, H.K."
967,Cornish
968,"Cornwall, Barry"
969,"Cornwallis, Charles Cornwallis, Marquis"
970,Corpa
971,"Corvie, W.P."
972,Cosmopolitan (Ship)
973,"Coste, Captain"
974,Cottman
975,Cotton (Ship)
976,"Couch, Darius Nash"
977,Court martial
978,Courtenay
979,Courtenay (waiter)
980,Coutour
981,Coutte
982,"Covert, Harry"
983,Covill
984,Coville
985,Cowell
986,"Cowell, Sam"
987,"Cowie, Captain"
988,Cox
989,"Cozzens, Fred S."
990,"Cozzens, S.W."
991,Crampton
992,Crane
993,"Crane, Dr."
994,"Crane, John M."
995,Crawford
996,"Crawford, Dr."
997,"Crawford, S.W."
998,Creecey
999,"Creecey, Mrs."
1000,Creoles
1001,Crescent (Ship)
1002,Crime
1003,Crippen
1004,"Crispell, Dr."
1005,"Crispin, Orenford"
1006,Cristopher
1007,Crockett
1008,"Crockett, Jack"
1009,"Crockett, John"
1010,"Crockett, Josie"
1011,"Crockett, Larry"
1012,"Crockett, Larry, Mrs."
1013,"Crockett, Mrs."
1014,"Crockett, Nettie"
1015,Crofts
1016,"Croghan, Dr."
1017,"Crokett, John"
1018,Croly
1019,"Croly, Mrs."
1020,"Cromwell, Oliver"
1021,Crook
1022,"Crook and Duff's (New York, N.Y.)"
1023,Cross
1024,"Cross, Nelson"
1025,Crosse
1026,Crosse (barman)
1027,"Crosse, Mrs."
1028,Crossley
1029,"Crosswell, Edwin"
1030,"Cruesoe, Captain"
1031,"Cruikshank, George"
1032,"Cruise, Mary Pauline (Mapother)"
1033,"Crump, Mrs."
1034,"Crystal Palace (New York, N.Y.)"
1035,Crystal Palace (Ship)
1036,Cuddiback
1037,"Cuddiback, Mrs."
1038,Cumberland (Ship)
1039,Cumbria (Ship)
1040,Cunningham
1041,"Cunningham, E."
1042,"Cunningham, Emma Augusta"
1043,"Cunningham, Jack"
1044,"Cunningham, Mrs."
1045,Curran
1046,Currency
1047,"Currie, Colonel"
1048,Curriee
1049,Curtis
1050,Curtis (reporter)
1051,"Curtis, George William"
1052,"Cushman, Pauline"
1053,Cutler
1054,Cutler (chaplain)
1055,"Cutler, Peter Y."
1056,"Cutting, Walter"
1057,Cuyler (Ship)
1058,Cyrus
1059,Dacres
1060,"Dacres, Mrs."
1061,Daguerreotype
1062,Dahlgren
1063,Daily graphic.
1064,Dakin
1065,"Dakin, Mrs."
1066,Dakins
1067,"Dakins, Mrs."
1068,"Dale, C.G."
1069,Dallas
1070,"Dalton, Dr."
1071,"Damoreau, Beatrice (Prideaux)"
1072,"Damoreau, Charles (Brown)"
1073,Dan
1074,"Dana, Charles A."
1075,"Dana, Charles A., Mrs."
1076,"Dana, Paul"
1077,"Dana, Paul, Mrs."
1078,"Dane, Henry C."
1079,Daniels
1080,"Daniels, Lieutenant"
1081,Dante Alighieri
1082,Danthorn
1083,"Danton, Georges Jacques"
1084,"Darcy, John"
1085,Darley
1086,"Darling, Grace"
1087,Darlington
1088,"Davenport, Adolphus"
1089,"Davenport, Adolphus, Mrs."
1090,"Davenport, Sergeant"
1091,David (sailor)
1092,"David, Louis"
1093,"David, Mr."
1094,Davids
1095,"Davids, Mrs."
1096,"Davidson, J.M."
1097,"Davidson, J.O."
1098,"Davidson, John W."
1099,Davis
1100,Davis (acquaintance)
1101,Davis (artist)
1102,Davis (lawyer)
1103,Davis (military staff)
1104,Davis (pilot)
1105,"Davis, A.V."
1106,"Davis, Charles A."
1107,"Davis, Colonel"
1108,"Davis, E.J."
1109,"Davis, George L."
1110,"Davis, Isaac O."
1111,"Davis, Jefferson"
1112,"Davis, Lieutenant"
1113,"Davis, Mrs."
1114,"Davis, Theodore R."
1115,"Dawson, Pat"
1116,Day
1117,"Day, George B."
1118,"Day, Major"
1119,"Dayton, F.V."
1120,"Dayton, Major"
1121,De Angelis
1122,de Bougars
1123,De Cordova
1124,"De Gourgue, Dominic"
1125,"De Gurowski, Adam G., count"
1126,"De la Paturelle, Captain"
1127,"De Quincey, Thomas"
1128,"De Russy, Captain"
1129,De Walden
1130,"Deacon, Benajah"
1131,Dean
1132,Deane
1133,"d'Ebro, Baroness"
1134,Debt
1135,Decamp
1136,Decaun
1137,"Defoe, Daniel"
1138,"Deforest, Charley"
1139,"Deforest, Margaret A"
1140,Del Vecchio
1141,Delano
1142,Delano (Paris)
1143,"Delano, Miss"
1144,"Delany, Miss"
1145,Delaware (Ship)
1146,"Dell, Frank"
1147,"Delphy, Peter"
1148,Delta.
1149,Deming
1150,"Deming, Colonel"
1151,Democratic Party (U.S.)
1152,Democratic review.
1153,"Demorest, William Jennings"
1154,"Dempster, Mrs."
1155,Dennis
1156,"Dennis, Mrs."
1157,Dennison
1158,Dennison (New Orleans)
1159,Dentists
1160,Depau
1161,Derby
1162,Detectives
1163,Deutsche
1164,Devoe
1165,Devonshire (Ship)
1166,Dexter
1167,"Dexter, Dr."
1168,"d'Hauteville, Frederick"
1169,"Dibble, Mrs."
1170,"Dickens, Catherine"
1171,"Dickens, Charles"
1172,Dickenson
1173,"Dickenson, Mrs."
1174,"Dickey, A.M., Mrs."
1175,Dickinson
1176,"Dickinson, Joseph"
1177,"Dillingham, Captain"
1178,Diseases
1179,Divorce
1180,Divorces
1181,Dixey
1182,Dixon
1183,"Dixon, Dr."
1184,"Dixon, E.H."
1185,Dobson
1186,"Dobson, Austin"
1187,"Dobson, Mrs."
1188,"Dobson, Willy"
1189,Dodd
1190,"Dodd, Dan"
1191,Dodge
1192,"Dodge, Colonel"
1193,"Dodge, W.E."
1194,Dodsworth
1195,Doepler
1196,Dogfighting
1197,Dogfighting
1198,Dogs
1199,"Dolby, Dr."
1200,Dole
1201,Donellan
1202,"Donlan, Joseph M."
1203,Donnell
1204,Donovan
1205,Donovan (editor)
1206,Dopler
1207,Doppelgangers
1208,Dora
1209,"Doubleday, Abner"
1210,"Doubleday, Abner, Mrs."
1211,"Douglas, Charles"
1212,"Douglas, Stephen A."
1213,"Douglass, Frederick"
1214,"Downey, Edward"
1215,Doyle
1216,Doyle (artist)
1217,"Draper, William H."
1218,"Draper, William H., Mrs."
1219,Drawing
1220,Drayton
1221,"Drayton, Thomas"
1222,Dreams
1223,"Drinkwater, John"
1224,Drunkenness
1225,"Dryburgh, J.R."
1226,"Du Chaillu, Paul B."
1227,"Du Pont, Samuel Francis"
1228,Du Solle
1229,Dudley
1230,Duels
1231,Duff
1232,"Duff, Margaretta"
1233,Dumbledon
1234,Dunbar
1235,Dunbar (reporter)
1236,"Dunbar, Charles F."
1237,Duncan
1238,Duncan (Kentucky)
1239,"Duncan, Mrs."
1240,"Duncan, Mrs. (Kentucky)"
1241,Dunegan
1242,Dunham
1243,"Dunham, Mrs."
1244,"Dunham, Robert D."
1245,Dunkin
1246,Dunlap
1247,Dunn
1248,"Dunn, Anna"
1249,"Dunn, Mrs."
1250,"Dunn, Officer"
1251,"Dunne, Colonel"
1252,"Dunnovant, Colonel"
1253,Dunsier
1254,"Dunsier, Mrs."
1255,"Dunsier, Mrs. (Mother)"
1256,"Dural, Lieutenant"
1257,"Durward, Quentin"
1258,"Duryee, Miss"
1259,"Duryee, Mrs."
1260,"Dutcher, Silas B."
1261,Duvall
1262,Duyckinck
1263,Duyckman
1264,"Dwight, Charles E."
1265,"Dwight, Timothy T."
1266,Dwyer
1267,Dyer
1268,"Dyer, M., Jr."
1269,"Dyer, Oliver"
1270,E. A. Johnson (Ship)
1271,"Early, Jubal Anderson"
1272,East India Company
1273,Easton
1274,Eaton
1275,"Ebbitt House (Washington, D.C.)"
1276,"Ebury, Mrs."
1277,Edenshaw
1278,Edge
1279,"Edge, Frederick"
1280,"Edge, Frederick, Mrs."
1281,Editors
1282,Edmonds
1283,"Edney, Susy"
1284,Education
1285,"Edward VII, King of Great Britain"
1286,Edwards
1287,Edwards Martha
1288,"Edwards, Ann"
1289,"Edwards, Eliza"
1290,"Edwards, George"
1291,"Edwards, George, Jr."
1292,"Edwards, George, Jr., Mrs."
1293,"Edwards, Georgie"
1294,"Edwards, H. Sutherland"
1295,"Edwards, Harriet"
1296,"Edwards, Jack"
1297,"Edwards, Jessie"
1298,"Edwards, John"
1299,"Edwards, John (England)"
1300,"Edwards, John, Mrs."
1301,"Edwards, Louisa"
1302,"Edwards, Martha"
1303,"Edwards, Matty"
1304,"Edwards, Monroe"
1305,"Edwards, Nelly"
1306,"Edwards, Richard"
1307,"Edwards, Sally (Edwards)"
1308,"Edwards, Sally (Nast)"
1309,"Edwards, Sarah"
1310,"Edwards, William"
1311,"Egan, Major"
1312,"Eggleston, Lieutenant"
1313,Elder
1314,Eldredge
1315,"Eldredge, Charles"
1316,"Eldredge, Ellen"
1317,"Eldredge, Grace"
1318,"Eldredge, Grace (Thomson)"
1319,"Eldredge, Jenny"
1320,"Eldredge, Mrs."
1321,"Eldredge, Sr."
1322,"Eldredge, Sr., Mrs."
1323,Elections
1324,"Elger, L.G."
1325,Eliot
1326,"Elizabeth I, Queen of England"
1327,Ellen
1328,"Eller, Mrs."
1329,Elliot
1330,Elliot (military staff)
1331,"Elliott, William"
1332,Ellis
1333,Ellis (New Orleans)
1334,Ellis Island (N.J. and N.Y.)
1335,"Ellsworth, E.E."
1336,Ellwell
1337,"Elmendorf, Unadilla (Rawlings)"
1338,"Elmendorf, W., Lieutenant"
1339,"Elssler, Fanny"
1340,"Ely, George W."
1341,Emancipation
1342,Emancipation Proclamation
1343,Embezzlement
1344,"Emerson, Miss"
1345,"Emerson, Ralph Waldo"
1346,"Emory, William H."
1347,Empire Parish (Ship)
1348,England
1349,"England, Sergeant"
1350,"England, Serjeant"
1351,Englehart
1352,English
1353,"English, Thomas Butler"
1354,"English, Thomas Dunn"
1355,Engravers
1356,"Entwhistle, Lieutenant"
1357,Eph
1358,Era.
1359,Erford
1360,Erie Railway
1361,Essex (Ship)
1362,"Estabrook, Captain"
1363,Etting
1364,"Etting, Captain"
1365,"Eugenie, Empress, consort of Napoleon III, Emperor of the French"
1366,Eurich
1367,"Eurich, Ernest"
1368,European.
1369,Evans
1370,Evans (England)
1371,"Evans, Arthur"
1372,"Evans, Colonel"
1373,"Evans, Nathan George"
1374,"Eveleth, Dr."
1375,"Ewell, Richard Stoddert"
1376,Executions
1377,Explosions
1378,Eytinge
1379,"Eytinge, Captain"
1380,"Eytinge, Clarence"
1381,"Eytinge, Harry"
1382,"Eytinge, Miss"
1383,"Eytinge, Mrs."
1384,"Eytinge, Solomon"
1385,Fabin
1386,Fagan
1387,"Fagan, Lyddy (Kettle)"
1388,Faircloth
1389,"Faircloth, Captain"
1390,"Faircloth, Mrs."
1391,"Fairfax, Captain"
1392,"Fairish, Ella"
1393,Fairs
1394,Falk
1395,Family repository.
1396,"Faneuil Hall (Boston, Mass.)"
1397,Fanny (Aunt)
1398,Fanny Laure (Ship)
1399,"Farenhold, Richard"
1400,"Farenhold, Richard, Mrs."
1401,"Farley, Philip"
1402,Farmhouses
1403,Farms
1404,"Farnham, Captain"
1405,"Farnsworth, Lieutenant-Colonel"
1406,"Faron, Mrs."
1407,"Farr, Bella"
1408,"Farr, Miss"
1409,"Farr, Mrs."
1410,"Farragut, Daniel Glasglow"
1411,"Farragut, Daniel Glasgow"
1412,"Farragut, David Glasgow"
1413,Farrel
1414,"Faunce, John"
1415,Fay
1416,Fay (Brother)
1417,"Fearing, Colonel"
1418,"Fechter, Charles"
1419,Fent
1420,"Fent, Mrs."
1421,"Fenton, Captain"
1422,Ferguson
1423,"Ferguson, Robert"
1424,"Fern, Fanny"
1425,Ferris
1426,Ferry
1427,"Fessenden, Captain"
1428,Field
1429,"Field, Charles"
1430,"Field, Cyrus W."
1431,"Field, Maunsel B."
1432,"Fielder, George"
1433,"Fielder, Thomas"
1434,"Fielder, Thomas Edward"
1435,"Fielder, Thomas, Mrs."
1436,Figaro!
1437,"Filer, J."
1438,Fillmore
1439,"Fillmore, Millard"
1440,Finlay
1441,Finney
1442,Fire
1443,Firearms
1444,Firemen
1445,Fires
1446,Fireworks
1447,"Fish, Hamilton"
1448,"Fisher, Miss"
1449,"Fisher, Mrs."
1450,Fishing
1451,"Fiske, George A., Jr."
1452,Fite
1453,"Five Points (New York, N.Y.)"
1454,Flagellation
1455,Flagler
1456,Flags
1457,"Flandran, Lieutenant"
1458,"Fleischmann, Ch. L."
1459,Florence
1460,Florida (Ship)
1461,"Florida Infantry Regiment, 2nd"
1462,Flotow
1463,Flowers
1464,"Flowers, Mrs."
1465,"Floyd, John B."
1466,Fogarty
1467,Fogg
1468,Foley
1469,Folingsby
1470,Folsom
1471,Fontaine
1472,"Fonthill Castle (Riverdale, N.Y.)"
1473,Fontin
1474,Food
1475,"Foote, Henry S."
1476,Forbes
1477,"Forbes, Hugh"
1478,"Forbes, Hugh, Mrs."
1479,"Forbes, Miss"
1480,Forgery
1481,Forist
1482,"Forney, John W."
1483,"Forrest, Edwin"
1484,"Forrest, Edwin, Mrs."
1485,"Forrester, Alfred Henry"
1486,"Forsyth, John"
1487,"Forsyth, Major"
1488,Fort Hamilton (N.Y.)
1489,Fort Jefferson (Fla.)
1490,Fort Johnson (S.C.)
1491,Fort Lee (N.J.)
1492,"Fort Mackinac (Mackinac Island, Mich.)"
1493,Fort Magruder (Va.)
1494,Fort McRee (Fla.)
1495,Fort Monroe (Va.)
1496,Fort Moultrie (S.C.)
1497,Fort Pickens (Fla.)
1498,Fort Pulaski (Ga.)
1499,"Fort Sumter (Charleston, S.C.)"
1500,Fort Sumter (S.C.)
1501,"Fort Taylor (Key West, Fla.)"
1502,Fortune hunters
1503,"Foskett, Captain"
1504,Foster
1505,Foster (passenger)
1506,"Foster, Captain"
1507,"Foster, F.E."
1508,"Foster, George G."
1509,"Foster, John G."
1510,"Foster, Mary"
1511,"Foster, Mrs."
1512,"Foster, Sr."
1513,"Foster, Tilly"
1514,"Foster, Tony"
1515,Foulds
1516,Foulon
1517,"Fourier, Charles"
1518,Fourth of July
1519,Fowler
1520,Fox
1521,Fox (engraver)
1522,"Fox, George"
1523,"Fox, Gustavus Vasa"
1524,"Francis, Joseph"
1525,Frank
1526,Frank Leslie's illustrated news.
1527,"Frank, Lieutenant"
1528,"Frank, Tom"
1529,"Frankfort, Lord"
1530,Franklin
1531,"Franklin, John"
1532,"Franklin, Mrs."
1533,"Franklin, William"
1534,"Franklin, William Buel"
1535,Fred
1536,"Frederickson, Corporal"
1537,"Freedley, Lieutenant"
1538,Freeman
1539,"Freeman, Dr."
1540,Freemasons
1541,"Freese, Captain"
1542,"Fremont, John C."
1543,French
1544,"French, Captain"
1545,"French, Colonel"
1546,"French, Parker"
1547,"French, Wm. H."
1548,Frere
1549,Frisell
1550,Froom
1551,Frost
1552,"Frost, Lieutenant-Colonel"
1553,Fry
1554,Fry (lecturer)
1555,"Fry, Elizabeth"
1556,"Fry, William"
1557,Fuller
1558,Fuller (Quartermaster)
1559,"Fuller, Colonel"
1560,"Fuller, Margaret"
1561,"Fuller, Reverend"
1562,Fulton (Ship)
1563,Funeral rites and ceremonies
1564,Furness
1565,"Furtish, J.C.M."
1566,Gabay
1567,"Gabay, Mrs."
1568,Gage
1569,"Gaieties Concert Room (New York, N.Y.)"
1570,Gainer
1571,Galbraith
1572,Galbraith (passenger)
1573,Gale
1574,Galusha
1575,Gamble
1576,Gambling
1577,"Gamp, Mrs."
1578,Garbelle
1579,Gardiner
1580,"Gardiner, Frank"
1581,"Gardiner, Orville"
1582,Gardner (Michigan)
1583,"Gardner, Alexander"
1584,"Gardner, Bessy"
1585,"Gardner, Colonel"
1586,"Gardner, Francis"
1587,"Gardner, George"
1588,"Gardner, James"
1589,"Gardner, Kate"
1590,"Gardner, Mrs."
1591,"Gardner, Mrs. (Michigan)"
1592,"Gardner, Naomi"
1593,"Gardner, Peter"
1594,"Gardner, Peter, Mrs."
1595,"Gardner, Sergeant"
1596,Gargler
1597,"Garibaldi, Giuseppe"
1598,"Garnaut, Eliza"
1599,"Garnett, Robert S."
1600,"Garrason, James"
1601,Garrison
1602,"Garrison, Lloyd"
1603,Garrot
1604,Garry
1605,"Garvin, S.B."
1606,Gaskell
1607,Gassy Jack
1608,Gaurand
1609,"Gauthier, Theophile"
1610,"Gavarni, Paul"
1611,"Gay, Getty (Gertrude Louise Wilmshurst)"
1612,"Gay, Miss"
1613,"Gay, Sarah (Galusha)"
1614,"Gay, Sidney H."
1615,"Gayler, Charles"
1616,"Gayler, Charles, Mrs."
1617,Gazey
1618,"Gazey, Polly"
1619,Geary
1620,"Geary, Mina"
1621,"Geary, Mrs."
1622,Gem of the Seas (Ship)
1623,General
1624,Genin
1625,"George III, King of Great Britain"
1626,George Washington (Ship)
1627,Georgey
1628,Georgia (Ship)
1629,"Georgia Infantry Regiment, 46th"
1630,"Georgia Infantry Regiment, 47th"
1631,"Georgia Infantry Regiment, 48th"
1632,"Georgia Infantry Regiment, 4th"
1633,"Georgia Infantry Regiment, 51st"
1634,Georgii
1635,German
1636,Germans
1637,"Gerstle, H."
1638,Gesler
1639,Ghost stories
1640,Gibbons
1641,Gibson
1642,"Gibson, Jane (Mason)"
1643,"Giddings, Joshua R."
1644,"Gifford, William M."
1645,Giger
1646,"Giger, Sarah"
1647,Gihon
1648,Giles
1649,"Giles, Annie"
1650,"Giles, Mrs."
1651,Gill
1652,"Gill, Miss"
1653,"Gill, Rawson"
1654,Gilmore
1655,"Ginnerty, Mary"
1656,Girls' schools
1657,"Gladstone, Mrs. (Boutcher)"
1658,Glasgow (Ship)
1659,Glass
1660,Gleason
1661,"Gloskowski, Lieutenant"
1662,"Glover, Thad"
1663,"Glover, Thad, Mrs."
1664,Goddard
1665,Godey
1666,Godfroy
1667,"Godfroy, Mrs."
1668,"Godwin, Park"
1669,"Goethe, Johann Wolfgang von"
1670,Gohlson
1671,Goldby
1672,Golden
1673,Gonzalez
1674,"Good, Colonel"
1675,Goodall
1676,Gooderich
1677,Goodin
1678,Goodin (Brother)
1679,"Goodricke, Francis"
1680,Goodwin
1681,"Goodwin, Colonel"
1682,Gordon
1683,"Gordon, George H."
1684,"Gordon, Nathanial"
1685,"Gore, Wesley A."
1686,Gotch
1687,"Gotch, John"
1688,Gottschalk
1689,"Gould, Judge"
1690,"Gould, Lyman W."
1691,"Gourdin, R.N."
1692,Gouverneur
1693,"Gouverneur, Adolphus (""Gladdy"")"
1694,"Gouverneur, May"
1695,"Gouverneur, Mrs. (Gill, Griffin)"
1696,"Gouverneur, Warburton"
1697,"Governors Island (New York County, N.Y.)"
1698,Graff
1699,Graham
1700,"Graham, Mr."
1701,"Grannis, Elizabeth B."
1702,"Grant, U.S."
1703,Granville
1704,Granville (Alleyne)
1705,"Granville, Arthur (Alleyne)"
1706,"Granville, Dr."
1707,"Granville, Mrs."
1708,Gray
1709,Gray (New Orleans)
1710,"Gray, Captain"
1711,"Gray, John C., Jr."
1712,Great Easter (Ship)
1713,Great Eastern (Ship)
1714,Great Lakes (North America)
1715,Great Republic (Ship)
1716,"Greatbatch, Edward"
1717,"Greatbatch, Edward (Bristol)"
1718,"Greatbatch, Fred (Bristol)"
1719,"Greatbatch, Joe"
1720,"Greatbatch, Joseph"
1721,"Greatbatch, Jospeh"
1722,"Greatbatch, Levi"
1723,"Greatbatch, Mary Anne"
1724,"Greatbatch, Mrs."
1725,"Greatbatch, Will"
1726,"Greeley, Dr."
1727,"Greeley, Horace"
1728,Green
1729,Green (Ohio)
1730,"Green, John"
1731,"Green, Mrs."
1732,"Green, Rufus C."
1733,"Green, W.K."
1734,Greenwood
1735,"Green-Wood Cemetery (New York, N.Y.)"
1736,"Greenwood, Jr."
1737,"Gregg, Maxcy"
1738,Gregory
1739,"Gregory, Susan"
1740,Griffin
1741,"Griffin, Frank"
1742,"Griffin, Julia"
1743,"Griffin, Lucia"
1744,"Griffin, Mrs."
1745,"Griffin, Theodore"
1746,"Griffin, Weighty (Davis)"
1747,"Griffiths, Mrs."
1748,Grigg
1749,"Grimball, Tom"
1750,Grindlay
1751,"Grinnell, Henry"
1752,"Grispell, Dr."
1753,Griswold
1754,"Griswold, Miss"
1755,"Griswold, Mrs."
1756,"Griswold, Rufus W."
1757,Grosse
1758,Grote
1759,"Grover, Cuvier"
1760,"Groves, Annie"
1761,"Grow, G."
1762,Gruby
1763,Guard duty
1764,Gubby
1765,Guernsey
1766,Guerrilla warfare
1767,Gufferoe
1768,Guiguer
1769,"Guild, William H."
1770,"Guire, John"
1771,Gulick
1772,"Gun, Robert"
1773,Gunboats
1774,"Gunn, Charles"
1775,"Gunn, Dick"
1776,"Gunn, Dick, Mrs."
1777,"Gunn, Dickinson (England)"
1778,"Gunn, Dr."
1779,"Gunn, Edwin"
1780,"Gunn, Gunn, Samuel, Mrs."
1781,"Gunn, Harry"
1782,"Gunn, Henry"
1783,"Gunn, Mary"
1784,"Gunn, Minnie"
1785,"Gunn, Naomi"
1786,"Gunn, Ned"
1787,"Gunn, Rich"
1788,"Gunn, Rich, Jr."
1789,"Gunn, Richard"
1790,"Gunn, Richard (I)"
1791,"Gunn, Richard (II)"
1792,"Gunn, Richard (III)"
1793,"Gunn, Richard (IV)"
1794,"Gunn, Robert"
1795,"Gunn, Rosa Anna"
1796,"Gunn, Sam"
1797,"Gunn, Samuel"
1798,"Gunn, Samuel, Jr."
1799,"Gunn, Samuel, Mrs."
1800,"Gunn, Sarah"
1801,"Gunn, Thomas"
1802,"Gunn, Thomas Butler"
1803,"Gunn, Thomas Butler Gunn"
1804,"Gunn, William"
1805,"Gunn, William, Mrs."
1806,Guppy
1807,Gurney
1808,Guthrie
1809,"Gutterman, R."
1810,Gymnasium
1811,Gymnasiums
1812,Habana (Ship)
1813,Hacker
1814,"Haffords, Captain"
1815,"Haight, Mrs."
1816,"Hainford, J.C."
1817,"Hainington, C."
1818,"Hale, Charles"
1819,Hall
1820,Hall (artist)
1821,Hall (passenger)
1822,"Hall, Alzina"
1823,"Hall, Elisha"
1824,"Hall, G.B."
1825,"Hall, Haydon"
1826,"Hall, Homer"
1827,"Hall, J.B."
1828,"Hall, J.B., Captain"
1829,"Hall, Jr."
1830,"Hall, Jr. (passenger)"
1831,"Hall, Lieutenant"
1832,"Hall, Lieutenant-Colonel"
1833,"Hall, Mr."
1834,"Hall, Mrs."
1835,"Hall, Mrs. (Mother)"
1836,"Hall, S.C., Mrs."
1837,"Halleck, Henry Wager"
1838,"Halliday, Captain"
1839,Hallock
1840,"Halpine, Charles G."
1841,"Halpine, Nicholas J."
1842,"Halsey, Charles"
1843,"Halstead, George B."
1844,"Halstead, Major"
1845,"Halstead, O.S."
1846,Halsted
1847,"Ham, Mrs."
1848,Hamilton
1849,"Hamilton, Andrew Jackson"
1850,"Hamilton, Andrew Jackson, Mrs."
1851,"Hamilton, Captain"
1852,"Hamilton, Charles Augustus"
1853,"Hamilton, Charles Smith"
1854,"Hamilton, Morgan Calvin"
1855,"Hamilton, Mrs."
1856,"Hamlin, Hannibal"
1857,Hammersley
1858,Hammett
1859,"Hammett, Mrs."
1860,Hammond
1861,"Hampden, John"
1862,Hancock
1863,"Hancock, William Scott"
1864,"Hancock, Winfield Scott"
1865,Hands
1866,"Haney, Jacobs, Harriet A."
1867,"Haney, Jesse"
1868,"Haney, John"
1869,"Haney, Mrs."
1870,Hankins
1871,"Hankins, Mary Louise"
1872,"Hanna, Captain"
1873,"Hannay, James"
1874,Hannegan
1875,"Hannibal, Julius Caesar"
1876,"Hansen-Taylor, Marie"
1877,Harbell (Godsal)
1878,"Harbor, Lieutenant"
1879,"Hardenbrook, Jack"
1880,"Harjes, J."
1881,Harland
1882,"Harlow, Mrs."
1883,Harmer
1884,"Harmon, T.L."
1885,Harper
1886,"Harper and Brothers (New York, N.Y.)"
1887,"Harper, Fletcher"
1888,"Harper, Joe"
1889,Harriet Lane (Ship)
1890,Harrington
1891,"Harris, Henry"
1892,"Harris, John"
1893,"Harris, Lizzie"
1894,"Harris, T. Decatur"
1895,"Harris, William, Jr."
1896,Harry
1897,Harry (slave)
1898,Hart
1899,Hart (Canada)
1900,Hart (publisher)
1901,Hart (soldier)
1902,"Hart, Lieutenant"
1903,Hartley
1904,Hartley (New York)
1905,Hartley (traveler)
1906,Harvard University
1907,Harvey
1908,"Harwell, Charles A."
1909,"Hasenclever, Johann Peter"
1910,Haskell
1911,Haslett
1912,"Hastings, Kate"
1913,"Hastings, S."
1914,Haswell
1915,"Hatch, Cora"
1916,Hatteras (Ship)
1917,"Haun, Ben"
1918,"Haun, John"
1919,"Haun, Mrs."
1920,"Havard, Mrs."
1921,Hawes
1922,"Hawes, Mrs."
1923,Hawkins
1924,"Hawkins, Colonel"
1925,"Hawkins, Mrs."
1926,Hawks
1927,Hawksworth
1928,Hawthorne
1929,"Hawthorne, Nathanial"
1930,"Hawthorne, Nathaniel"
1931,"Hay, Charles"
1932,Hayden
1933,Haydon
1934,"Haydon, Benjamin Robert"
1935,Hayes
1936,Hayes (England)
1937,Hayes (engraver)
1938,Hayes (painter)
1939,Hayes (printer)
1940,Hayes (reporter)
1941,"Hayes, Catherine"
1942,"Hayes, Edward"
1943,"Hayes, Major"
1944,"Hayes, Mrs."
1945,"Hayes, Mrs. (engraver)"
1946,Hayes.
1947,Haymaker
1948,"Haynau, J.C."
1949,Hayne
1950,"Hayne, Colonel"
1951,"Hayne, Paul Hamilton"
1952,Haynes
1953,"Hays, Alexander"
1954,"Hays, Colonel"
1955,"Hays, William J."
1956,Hayward
1957,"Hayward, Mrs."
1958,"Hazlitt, William"
1959,"Head, Captain"
1960,"Head, Truman (California Joe)"
1961,Hear
1962,"Hearn, Lafcadio"
1963,Heath
1964,"Heath, Mrs."
1965,"Heavyside, Mrs."
1966,"Heden, Lieutenant"
1967,"Heenan, John C."
1968,"Heicchold, A.P."
1969,Heichhold
1970,"Heichhold, A.P."
1971,"Heidseich, Charles"
1972,"Heine, Captain"
1973,"Heinrich, Prince of Prussia"
1974,"Heintzelman, Miss"
1975,"Heintzelman, Samuel Peter"
1976,"Heintzelman, Samuel Peter, Mrs."
1977,"Heintzelman, Samuel Porter"
1978,Heiss
1979,Heiss (Charleston)
1980,"Hell Gate (New York, N.Y.)"
1981,"Helm, J.A."
1982,Helmsmuller
1983,Heloise
1984,Henderson
1985,Hendricks
1986,"Hendricks, Mrs."
1987,"Henfield, Amos"
1988,Hennepin
1989,"Henriquez, Jenny"
1990,Henry
1991,Henry (acquaintance)
1992,"Henry VIII, King of England"
1993,"Henry, Alexander"
1994,"Henshaw, Major"
1995,Hepburn
1996,Herbert
1997,"Herbert, Henry William"
1998,"Herbert, Henry William, Mrs."
1999,"Herbert, J.R."
2000,"Herbert, William"
2001,"Heritage, Henry"
2002,"Heritage, Henry, Mrs."
2003,"Heritage, James"
2004,Hermann
2005,"Heron, Matilda"
2006,Herrak
2007,"Hervey, James W."
2008,"Hewbings, E."
2009,"Hewett, Susan"
2010,"Heydecker, W.H."
2011,"Heylyn, Edward"
2012,"Heylyn, Henry"
2013,"Heylyn, Liz"
2014,"Heylyn, Mrs."
2015,"Hibbert, Joseph"
2016,"Hibernian Hall (Charleston, S.C.)"
2017,Hickox
2018,"Hickox, Volney"
2019,Hicks
2020,"Hicks, Albert W."
2021,"Hicks, Sergeant"
2022,Higgins
2023,Hildreth
2024,"Hildreth, Captain"
2025,"Hildreth, Lorenzo"
2026,Hill
2027,Hill (England)
2028,Hill (Washington)
2029,"Hill, Mrs."
2030,"Hill, Richard M."
2031,"Hill, Sergeant"
2032,Hillard
2033,"Hillard, Frank"
2034,"Hillard, Frank, Mrs."
2035,"Hillard, Miss"
2036,"Hillard, Oliver"
2037,"Hills, A.C."
2038,"Hills, A.G."
2039,"Hills, A.G., Mrs."
2040,Hilton
2041,"Hinchinbroke, Lord"
2042,Hinckley
2043,Hind
2044,Hinsdale
2045,Hirsch
2046,History
2047,Hitchcock
2048,Hitchcock (engraver)
2049,"Hitchcock, Captain"
2050,"Hitchcock, Commodore"
2051,Hitchings
2052,"Hobbs, George M."
2053,"Hodge, J."
2054,"Hodges, William T."
2055,"Hoey, John"
2056,"Hoey, Mrs."
2057,"Hoff, Joseph"
2058,"Hoffman, Dr."
2059,"Hoffman, P."
2060,"Hoffmann, E.T.A."
2061,"Hogan, Captain"
2062,Hogarth
2063,"Hogarth, Caroline"
2064,"Hogarth, Clara"
2065,"Hogarth, Georgina"
2066,"Hogarth, John"
2067,"Hogarth, Louisa"
2068,"Hogarth, Mrs."
2069,"Holabird, Samuel B."
2070,Holbrook
2071,"Holbrook, Jr."
2072,"Holbrook, Mrs."
2073,Holcomb
2074,"Holcomb, Captain"
2075,Holden's dollar magazine.
2076,"Holland, Henry, Sir"
2077,"Holland, Sergeant"
2078,Holly
2079,"Holman, Frank"
2080,Holmes
2081,"Holmes, Ada"
2082,"Holmes, John B."
2083,"Holmes, Oliver Wendell, Sr."
2084,Holt
2085,"Holt, Mrs."
2086,"Holt, Mrs. (Mother)"
2087,"Holton, Dr."
2088,"Holton, Mrs."
2089,Holyoke
2090,Homer
2091,Homer (Artist)
2092,Homer (military staff)
2093,"Homer, William S."
2094,Honduras (Ship)
2095,Honey
2096,"Honeywell, Charles"
2097,"Honeywell, Mrs."
2098,"Hood, Thomas"
2099,"Hook, Thomas Edward"
2100,"Hooker, Joseph"
2101,"Hooker, Joseph, Sr."
2102,"Hooker, Jospeh"
2103,"Hooker, Thomas"
2104,Hooper
2105,Hooper (engraver)
2106,Hooper (roommate)
2107,"Hooper, Mr."
2108,"Hooper, Mrs."
2109,"Hooper, Sturgis"
2110,Hoover
2111,Horrick
2112,Horses
2113,Horton
2114,"Horton, Tudor"
2115,Hosmer
2116,Hospitals
2117,Hotels
2118,"Hough, Harry"
2119,"Hough, Johnny"
2120,Hought
2121,"Hought, Mrs."
2122,"Houghton, Douglas"
2123,House
2124,"House of Commons (New York, N.Y.)"
2125,Household words.
2126,"Houston, D.C."
2127,"Houston, Major"
2128,"Hovey, Walter"
2129,Howard
2130,"Howard, Lieutenant"
2131,"Howard, O.O."
2132,"Howe, Dr."
2133,"Howe, Elias"
2134,"Howe, Josiah"
2135,Howell
2136,Howell (bar owner)
2137,Howell (passenger)
2138,Howland
2139,"Howland, B."
2140,"Howland, Frank"
2141,Howlett
2142,"Hoyt, Mrs."
2143,Huddard
2144,"Hudson, Edward"
2145,"Hudson, Frederic"
2146,"Hudson, Henry"
2147,"Huger, Lieutenant"
2148,Hughes
2149,"Hughes, Bishop"
2150,"Hughes, Maria"
2151,Hulker
2152,"Humphrey, Major"
2153,Hunsdale
2154,Hunt
2155,"Hunt, Captain"
2156,"Hunt, Leigh"
2157,"Hunt, Wilson G."
2158,Hunter
2159,Hunter (Baton Rouge)
2160,"Hunter, David"
2161,"Hunter, David, Mrs."
2162,"Hunter, Dr."
2163,"Hunter, Miss"
2164,Hunting
2165,"Huntington, C."
2166,Hurst
2167,Hutchings
2168,"Hutchings, Dick"
2169,"Hyatt, Thaddeus"
2170,"Hyde, William"
2171,"Hyer, Tom"
2172,"Hyne, D."
2173,Iberville (Ship)
2174,"Illinois Infantry Regiment, 52nd"
2175,Illustrated London news.
2176,Illustrated New York news.
2177,"Imbree, Charles K."
2178,Immigrants
2179,Imperialism
2180,Imprisonment
2181,"Independence Hall (Philadelphia, Pa.)"
2182,"Ingersoll, I.W., Mrs."
2183,"Ingraham, Judge"
2184,Ingram
2185,Inloes
2186,Inwood
2187,"Ireland, Lieutenant"
2188,"Ireland, Thomas"
2189,Irish
2190,"Irving, Dr."
2191,"Irving, Washington"
2192,"Irwin, Robert B."
2193,Isaac
2194,"Isaacs, Major"
2195,"Isaacs, Sergeant"
2196,"Italian Opera and Concert Saloon (New York, N.Y.)"
2197,Itasco (Ship)
2198,Izaak
2199,J. D. Brown (Ship)
2200,J. S. Schriver (Ship)
2201,Jack
2202,Jackman
2203,Jackman (coroner)
2204,Jackson (printer)
2205,"Jackson, Andrew"
2206,"Jackson, George"
2207,"Jackson, James W."
2208,"Jackson, John"
2209,"Jackson, Stonewall"
2210,"Jacobs, Harriet"
2211,"Jacobs, Harriet A."
2212,"Jacobs, Louisa"
2213,Jacot
2214,"Jacot, Isabel"
2215,James Adger (Ship)
2216,"James I, King of England"
2217,James Island (S.C.)
2218,"James, Edward"
2219,"James, Lieutenant"
2220,"Jameson, Charles Davis"
2221,"Jameson, Mrs."
2222,"Jamieson, George"
2223,"Jamison, D.F."
2224,"Janeway, Hugh H."
2225,Japanese
2226,"Jardine, Captain"
2227,Jarvis
2228,"Jay, John"
2229,Jefferson
2230,"Jeffords, Captain"
2231,"Jeffries, Captain"
2232,"Jenkins, Captain"
2233,"Jenkins, Tilly"
2234,"Jennings, Harry"
2235,"Jennings, Henry"
2236,"Jennison, Jr."
2237,"Jerome, Lieutenant"
2238,Jerrold
2239,"Jerrold, Blanchard"
2240,"Jerrold, Douglas"
2241,"Jerrold, Douglas, Mrs."
2242,"Jerrold, Mrs."
2243,Jerry
2244,Jesse
2245,Jewell
2246,Jewell (boarder)
2247,"Jewell, Jennie"
2248,"Jewell, Mary (Waud)"
2249,"Jewell, Mrs."
2250,"Jewell, Mrs. (boarder)"
2251,"Jewell, Selian (Wall)"
2252,"Jewell, Selina (Jewell)"
2253,"Jewell, Selina (Wall)"
2254,"Jewell, Waud, Alfred"
2255,Jewett
2256,Jews
2257,Jimmy
2258,Joachimsen
2259,"Joachimsen, Sr."
2260,Jocelyn
2261,"Johannes, Count"
2262,John
2263,"John Brown's Raid, 1859"
2264,John Potter (Ship)
2265,Johnny
2266,Johns
2267,Johnson
2268,Johnson (boarder)
2269,Johnson (military officer)
2270,Johnson (printer)
2271,Johnson (sailor)
2272,"Johnson, Captain"
2273,"Johnson, Eastman"
2274,"Johnson, Samuel"
2275,"Johnson, Tom"
2276,"Johnston, Joseph E."
2277,Johnstone
2278,Johnstone (acquaintance)
2279,"Joinville, Francois-Ferdinand-Philippe-Louis-Marie d'Orleans, prince de"
2280,Jones
2281,Jones (boarder)
2282,Jones (chaplain)
2283,Jones (New Orleans)
2284,Jones (soldier)
2285,"Jones, Aaron"
2286,"Jones, Bill"
2287,"Jones, James"
2288,"Jones, Lieutenant"
2289,"Jones, Lloyd, Captain"
2290,"Jones, Mason"
2291,"Jones, Mrs."
2292,"Jones, T.M."
2293,"Jones, William Llewellyn"
2294,"Jordan, Colonel"
2295,Josiah Gunn (Ship)
2296,Jouane
2297,Journal of commerce.
2298,Journalism
2299,Joyce
2300,Julia Halleck (Ship)
2301,"Jullien, M."
2302,Kage
2303,"Kagi, John Henry"
2304,Kahn
2305,"Kane, Dr."
2306,"Kane, Elisha Kent"
2307,Kate
2308,Kate (servant)
2309,Kathardin (Ship)
2310,"Keamy, S."
2311,"Kean, Charles"
2312,"Keane, Alick"
2313,"Keane, Alick, Mrs."
2314,"Keane, Maurice"
2315,"Keane, Wallis"
2316,"Kearny, Philip"
2317,"Kearny, Philip, Mrs."
2318,Keating
2319,"Keene, Laura"
2320,"Keitt, Laurence M."
2321,"Keitt, Lawrence M."
2322,"Kellam, Oliver"
2323,"Kellam, Oliver, Mrs."
2324,"Kellogg, G.C."
2325,Kelly
2326,Kelly (boatman)
2327,"Kemble, Fanny"
2328,"Kemp, Miss"
2329,Kendall
2330,"Kendall, Lieutenant"
2331,"Kendall, Mrs."
2332,Kennedy
2333,Kennedy (policeman)
2334,"Kennedy, John Pendleton"
2335,"Kensett, John Frederick"
2336,Kensington (Ship)
2337,Kent
2338,Kent (Ship)
2339,"Kent, Mrs."
2340,"Keogh, Johnny"
2341,"Kerins, Lieutenant"
2342,"Kerr, Orpheus C."
2343,"Kerrigan, Mrs."
2344,"Kester, Captain"
2345,Kettle
2346,"Kettle, Jr."
2347,Key and the gulf.
2348,"Key, Philip Barton"
2349,"Keyes, Eramus D."
2350,"Keyes, Erasmus D."
2351,Kidder
2352,"Kidder, Charlotte (Whytal, Granville)"
2353,"Kidder, Lotty"
2354,"Kidder, Mrs."
2355,"Kidder, Rebecca (Mason)"
2356,"Kidder, Rebecca (Morse)"
2357,"Kidder, Will"
2358,"Kimball, Major"
2359,"Kimmel, M.M."
2360,King
2361,King (boarder)
2362,"King, Captain"
2363,"King, Charles"
2364,"King, John Alsop"
2365,"King, Mrs. (boarder)"
2366,"King, T. Starr"
2367,"King, William"
2368,Kingsbury
2369,Kinne
2370,"Kinne, Mrs."
2371,"Kinney, Colonel"
2372,Kirkland
2373,"Kirstein, Ben"
2374,Kiss
2375,Kist
2376,Kitty
2377,"Knapp, Dr."
2378,"Knapp, Mrs."
2379,"Knickerbocker, Mrs."
2380,Knickerbocker.
2381,Knight
2382,"Knox, Amos"
2383,"Knox, John"
2384,"Knudsen, Carl Wilhelm"
2385,"Knudsen, Carl Wilhelm, Mrs."
2386,"Kobbe, Gustav"
2387,"Kossuth, Lajos"
2388,Krauth
2389,Krollman
2390,Kumbrough
2391,Kynaston
2392,"Kynaston, Jr."
2393,"Kynaston, Mrs."
2394,La Cronica.
2395,Lacooney
2396,"Lacooney, Mrs."
2397,Ladbury
2398,Lady Elgin (Ship)
2399,"Lafayette, Marie Joseph Paul Yves Roch Gilbert Du Motier, marquis de"
2400,"Lamar, Charles"
2401,"Lamb, Charles"
2402,"Lander, F.W."
2403,"Lander, F.W., Mrs."
2404,"Landor, Colonel"
2405,Lane
2406,Lane (chaplain)
2407,"Lane, Henry F."
2408,Lantern Club
2409,Lantern.
2410,Larason
2411,"Larason, Mrs."
2412,"Lardner, Dionysius"
2413,Larkin
2414,Lathrop
2415,"Lathrop, George P."
2416,"Latini, Brunetto"
2417,Latto
2418,Laura
2419,Laurel Hill (Ship)
2420,"Laurel Hill Cemetery (Philadelphia, Pa.)"
2421,"Laurence, Jane (Nicholas)"
2422,"Laurie, Dr."
2423,Lavine
2424,Lavinia
2425,"Law, Captain"
2426,"Law, George"
2427,Lawrence
2428,"Lawrence, Amos"
2429,"Lawry, Captain"
2430,"Lawton, Mrs."
2431,Lawyers
2432,"Lay, Captain"
2433,"Lazelle, M."
2434,"Le Sage, Alain Rene"
2435,Le Van
2436,"Lea and Blanchard (Philadelphia, Pa.)"
2437,Leader.
2438,"Leahy, Anastatia"
2439,"Leahy, Miss"
2440,Leander (Ship)
2441,"Leave, Mrs."
2442,"Leavitt, Daniel F."
2443,Leblond
2444,"Leclerc, Carlotta"
2445,Lectures
2446,Lectures and lecturing
2447,Ledger
2448,"Ledger, Arthur"
2449,"Ledger, Arthur, Mrs."
2450,Lee
2451,Lee (Jersey City)
2452,"Lee, Frank"
2453,"Lee, J."
2454,"Lee, Lieutenant"
2455,"Lee, Lieutenant-Colonel"
2456,"Lee, Mrs."
2457,"Lee, Robert E."
2458,"Leech, John"
2459,Leggat
2460,Leggatt
2461,"Leggett, Professor"
2462,"Lehman, W.E."
2463,"Leicester, Robert Dudley, Earl of"
2464,"Leighton, F."
2465,Leisure
2466,Leland
2467,Leland (military officer)
2468,"Lemmon, Major"
2469,"Lemon, Mark"
2470,Lemont
2471,"Lenier, Captain"
2472,"Lennon, Mark"
2473,Lenson
2474,Lentze
2475,"Leonard, Amos"
2476,"Leopoldine, Madame"
2477,Leprosy
2478,Leslie
2479,"Leslie, Frank"
2480,"Leslie, Frank, Mrs."
2481,"Leslie, James"
2482,"Leslie, Marion"
2483,"Leslie, Miss"
2484,"Leslie, Mrs."
2485,"Leslie, Mrs. (Scotland)"
2486,"Leslie, William"
2487,Levison
2488,"Levison, Ellen"
2489,"Levison, John"
2490,"Levison, William"
2491,"Levison, William, Mrs."
2492,Levy
2493,Lewis
2494,Lewis (passenger)
2495,"Lewis, Captain"
2496,"Lewis, John"
2497,"Lieber, Lyman"
2498,Life in New-York.
2499,"Lilly, A."
2500,"Lilton, B."
2501,"Lincoln, Abraham"
2502,"Lincoln, C.S."
2503,"Lincoln, Mary Todd"
2504,"Lind, Jenny"
2505,"Lindon, Barry"
2506,Lindsay
2507,Lippard
2508,Lipscombe
2509,Lister
2510,Lithography
2511,"Littell, Captain"
2512,Livermore
2513,"Livermore, Bertha"
2514,"Livermore, Dr."
2515,"Livermore, Eugenia"
2516,"Livermore, Mrs."
2517,"Livers, Liz"
2518,"Livers, Sergeant"
2519,"Livers, Sergeant, Mrs."
2520,Livingston
2521,Livingston (soldier)
2522,"Livingston, Broeckius"
2523,"Livingstone, Bertha"
2524,Llewellyn
2525,Lloyd
2526,Lloyd (boarder)
2527,"Lloyd, Albert T."
2528,"Lloyd, Captain"
2529,Lock
2530,Locke
2531,"Locke, Lieutenant"
2532,Lockhart
2533,Lockington
2534,Lockwood
2535,Locus Point (ship)
2536,Locust Point (Ship)
2537,Loftus
2538,Logan
2539,London athenaeum.
2540,London herald and standard.
2541,London star.
2542,London's World's Fair (1851)
2543,"Lone Star Association (New York, N.Y.)"
2544,Long
2545,Long (acquaintance)
2546,Long (Assistant-Adjutant General)
2547,Long (boatman)
2548,Long Island (N.Y.)
2549,Longacre
2550,"Longstreet, James"
2551,"Loomis, Colonel"
2552,"Lorette, Francis M."
2553,"Lorrain, Claude"
2554,Louer
2555,"Louis Philippe, King of the French"
2556,"Louis XIV, King of France"
2557,"Louis XVI, King of France"
2558,"Louise, Miss"
2559,"Louisiana Colored Infantry Regiment, 2nd"
2560,"Louisiana Infantry Regiment, 11th"
2561,"Louisiana Infantry Regiment, 4th"
2562,"Louisiana Infantry Regiment, 9th"
2563,"Louisiana Native Guards, 3rd"
2564,"Lousdale, Annie (Alice Lowe)"
2565,"Louvre (Paris, France)"
2566,"Louvre (Paris, France)"
2567,"Lovell, Mansfield"
2568,"Lowe, T.S.C."
2569,Lowell
2570,"Lowell, Augustus"
2571,"Lowell, J. Russell"
2572,Lowrie
2573,Lowry
2574,Loyalty oaths
2575,"Lubbock, Francis Richard"
2576,"Lucas, Colonel"
2577,"Lucele, Fanny"
2578,Luckey
2579,Lucy
2580,Lumley
2581,"Lurting, Thomas"
2582,"Lyceum (New York, N.Y.)"
2583,"Lyng, Johnny"
2584,Lynn
2585,Lyon
2586,"Lyon, Miss"
2587,"Lyon, Mr."
2588,"Lyon, Nathaniel"
2589,"Lyons, Lord"
2590,"Lytton, Edward Bulwer Lytton, Baron"
2591,Mac Namara
2592,"Mac Namara, Jr."
2593,"Macarthy, Harry"
2594,Macduff
2595,Macedonian (Ship)
2596,MacEwen
2597,"Macfarlane, Captain"
2598,"MacGonigle, J.N."
2599,"MacGraver, Dr."
2600,"Mackall, William Whann"
2601,"Mackay, Charles"
2602,"Mackenzie, Shelton"
2603,Mackinac Island (Mich.)
2604,"MacKnight, Colonel"
2605,"Maclise, Daniel"
2606,MacNamara
2607,"Macready, William"
2608,Magicians
2609,"Magnolia Plantation (Charleston County, S.C.)"
2610,Magnus
2611,Magoon
2612,"Magrath, A.G."
2613,"Magruder, John B."
2614,"Magruder, John B., Mrs."
2615,"Maguire, Sarah Ann"
2616,"Maguire, Sarah Louisa"
2617,"Mahony, Francis"
2618,Maillard
2619,"Maine Infantry Regiment, 12th"
2620,"Maine Infantry Regiment, 4th"
2621,"Maine Infantry Regiment, 7th"
2622,"Maine Infantry Regiment, 9th"
2623,Mallory
2624,Malloy
2625,Maltano (Ship)
2626,Maltravers
2627,Mammoth Cave (Ky.)
2628,"Mancosos, Frank B."
2629,Mann
2630,Mann (Banbury)
2631,"Mann, Mrs."
2632,"Mann, Nat"
2633,Manning
2634,Manning (Boston)
2635,Manning (O'Mana)
2636,"Manning (O'Mana, Montgomery)"
2637,"Manning, Adelaide"
2638,Mansfield
2639,"Mansfield, Joseph K. F."
2640,Mapleson
2641,"Mapleson, Anna"
2642,"Mapleson, John"
2643,"Mapleson, Thomas"
2644,Mapother
2645,"Mapother, Dillon"
2646,"Mapother, Dillon Waud, Alfred"
2647,"Mapother, Henry"
2648,"Mapother, Miss"
2649,Maps and sketches
2650,"Marat, Jean Paul"
2651,Marble
2652,Marchant
2653,"Marchant, Mrs."
2654,Marches (U.S. Army)
2655,Maretzek
2656,Margaret
2657,Marguerite
2658,"Marguerittes, Madame"
2659,"Marie Antoinette, Queen, consort of Louis XVI, King of France"
2660,Marion (Ship)
2661,Marks
2662,"Marks, Chaplain"
2663,Marriage
2664,Marsden
2665,"Marsh, John"
2666,Marshall
2667,Marshall (France)
2668,"Marshall House (Alexandria, Va.)"
2669,"Marshall, John"
2670,"Marshall, John, Chief Justice of, Virginia (slave)"
2671,"Marshall, John, Chief Justice, of Virginia (slave)"
2672,"Marshall, Kennedy"
2673,"Marshall, Miss"
2674,"Marshall, Mr."
2675,"Marshall, Thomas"
2676,Martan
2677,Martial law
2678,Martin
2679,"Martin, Daniel"
2680,"Martin, Joseph"
2681,"Martin, Joseph, Mrs."
2682,"Martin, Jr."
2683,"Martin, Jule"
2684,"Martin, Julia"
2685,"Martin, Mrs."
2686,"Martin, Professor"
2687,"Martin, Solomon"
2688,"Martin, W.A."
2689,"Martindale, J.H."
2690,Martinson
2691,Mary
2692,Mary (Canada)
2693,Mary (chambermaid)
2694,Mary A. Boardman (Ship)
2695,"Mary, Queen of Scots"
2696,Mason
2697,Mason (England)
2698,Mason (Virginia)
2699,"Mason Brothers (New York, N.Y.)"
2700,"Mason, Colonel"
2701,"Mason, Dan"
2702,"Mason, Harriet"
2703,"Mason, J.M."
2704,"Mason, Lowell"
2705,"Mason, Miss"
2706,"Mason, Miss (England)"
2707,"Mason, Mrs. (England)"
2708,"Mason, Mrs. (Virginia)"
2709,Massachusetts (Ship)
2710,"Massachusetts Cavalry Regiment, 1st"
2711,"Massachusetts Infantry Regiment, 11th"
2712,"Massachusetts Infantry Regiment, 15th"
2713,"Massachusetts Infantry Regiment, 16th"
2714,"Massachusetts Infantry Regiment, 1st"
2715,"Massachusetts Infantry Regiment, 22nd"
2716,"Massachusetts Infantry Regiment, 30th"
2717,"Massachusetts Infantry Regiment, 38th"
2718,"Massachusetts Infantry Regiment, 40th"
2719,"Massachusetts Infantry Regiment, 41st"
2720,"Massachusetts Infantry Regiment, 42nd"
2721,"Massachusetts Infantry Regiment, 49th"
2722,"Massachusetts Infantry Regiment, 5th"
2723,"Massachusetts Infantry Regiment, 75th"
2724,"Massachusetts Infantry Regiment, 7th"
2725,"Massachusetts Infantry Regiment, 9th"
2726,"Massachusetts State House (Boston, Mass.)"
2727,Massett
2728,"Massie, Dr."
2729,"Masury, S."
2730,Mat
2731,"Mataran's (New York, N.Y.)"
2732,"Mathews, Charles"
2733,"Mathews, Cornelius"
2734,"Mathews, Emma"
2735,"Mathews, Lizzy"
2736,"Mathews, Pat"
2737,Matsell
2738,"Mattheson, Colonel"
2739,Mattice
2740,Maungwoodows
2741,"Maverick, Augustus"
2742,May
2743,May (slave)
2744,Mayers
2745,"Mayhew, Henry"
2746,"Mayhew, Horace"
2747,"Maynard, Horace"
2748,"Mayo, William S."
2749,"Mayzck, Alexander"
2750,McAfee
2751,"McAllester, Lieutenant"
2752,"McCarty, James"
2753,"McClellan, George B."
2754,"McClellan, George B., Medicine"
2755,"McClure, Captain"
2756,"McCook, Miss"
2757,"McCormick, Dr."
2758,McCulloch
2759,"McCure, J.W."
2760,McDermot
2761,McDougal
2762,McDougal (foreman)
2763,"McDowell, Irvin"
2764,McElrath
2765,"McElrath, Mrs."
2766,"McElrath, Thomson"
2767,"McElrath, Tom"
2768,"McFarren, G."
2769,"McGeary, Miss"
2770,"McGee, Captain"
2771,"McGill, C."
2772,McHenry
2773,"McKay, Donald"
2774,"McKeever, Chauncey"
2775,"McKinzie, Colonel"
2776,McLane
2777,McLaughlin
2778,McLean
2779,McLellan
2780,"McLenan, John"
2781,McMasters
2782,McMath
2783,"McMullen, Miss"
2784,"McMullen, Mollie"
2785,"McNutty, Dr."
2786,McQuade
2787,"Meadows, Kenny"
2788,Meagher
2789,"Meagher, Thomas Francis"
2790,Mearson
2791,Medical care
2792,Medical care (U.S. Army)
2793,Medicine
2794,"Meigs, Montgomery C."
2795,"Mellis, David"
2796,"Melliship, Eliza (Boutcher)"
2797,"Melliship, G.W."
2798,Mellon
2799,"Melodeon (New York, N.Y.)"
2800,"Memminger, C.G."
2801,"Menendez de Aviles, Pedro"
2802,Mental illness
2803,Mercer
2804,"Mercer, J.C."
2805,Mercury (Ship)
2806,Mercury.
2807,Merrick
2808,Merrick (boarder)
2809,"Merrill, Captain"
2810,Merrimac (Ship)
2811,"Merrit, R.N."
2812,Merritt
2813,"Merritt, Mrs."
2814,Merwin
2815,"Mesnard, Rene"
2816,Messer
2817,"Meux, Henry"
2818,Mexican War
2819,Meyer
2820,Meyers
2821,"Michigan Infantry Regiment, 3rd"
2822,"Michigan Infantry Regiment, 4th"
2823,"Michigan Infantry Regiment, 8th"
2824,"Middleton, Edda"
2825,"Middleton, P."
2826,Milhan
2827,Military
2828,Military camp life
2829,Military deserters
2830,Military supplies
2831,Miller
2832,Miller (engraver)
2833,Miller (Kentucky)
2834,Miller (Michigan)
2835,Miller (salesman)
2836,"Miller, Alfred A."
2837,"Miller, C.E."
2838,"Miller, D."
2839,"Miller, Dan"
2840,"Miller, Hugh"
2841,"Miller, Joaquin"
2842,"Miller, Jr."
2843,"Mills House (Charleston, S.C.)"
2844,"Mills, Francis"
2845,"Mills, John"
2846,"Milne, Commodore"
2847,"Milner, Alfred Milner, Viscount"
2848,"Milnes, Monckton"
2849,"Milton, John"
2850,"Milton, John (Governor)"
2851,Mining
2852,"Minnesota Infantry Regiment, 1st"
2853,"Minturn, Robert B."
2854,"Mintzing, Jacob F."
2855,Mississippi (Ship)
2856,"Mississippi Infantry Regiment, 2nd"
2857,Mississippi River
2858,Missouri-Kansas Border War
2859,"Mitchel, John"
2860,"Mitchel, John, Jr."
2861,"Mitchel, O.M."
2862,Mitchell
2863,"Mitchell, Algar"
2864,"Mitchell, Annie"
2865,"Mitchell, Cornelius"
2866,"Mitchell, John"
2867,"Mitchell, Millicent"
2868,"Mitchell, Minnie"
2869,"Mitchell, Mrs."
2870,"Mitchell, Tom"
2871,"Mitchell, William"
2872,Mixer
2873,"Mixer, Jr."
2874,Mobile register.
2875,Mobs
2876,"Mocock, Nannie B."
2877,Momus.
2878,Monitor (Ship)
2879,Monkey Joe
2880,Monroe
2881,Monroe (acquaintance)
2882,"Montez, Lola"
2883,Montgomery
2884,Moore
2885,Moore (reporter)
2886,"Moore, Frank"
2887,"Moore, James P."
2888,"Moore, Mr."
2889,"Moore, Mrs."
2890,"Moore, Thomas"
2891,"Moorehouse, Charley"
2892,Moorhouse
2893,"Moorhouse, Charley"
2894,"Moorhouse, Mrs."
2895,"Mordecai, Benjamin"
2896,More
2897,Morey
2898,"Morgan, E.B."
2899,"Morgan, Edwin D."
2900,"Morgan, Edwin D., Mrs."
2901,"Morgan, John"
2902,"Morgan, Judge"
2903,"Morgan, Sam"
2904,"Morgan, St. Clair M."
2905,"Morgan, Wash"
2906,Mormons
2907,Morning Light (Ship)
2908,"Morphy, Paul"
2909,Morris (Charleston)
2910,Morris Island (S.C.)
2911,"Morris, G.P."
2912,"Morris, James (K. N. Pepper)"
2913,"Morris, James (K. N. Shepherd)"
2914,"Morris, Miss"
2915,Morrison
2916,"Morrison, David"
2917,"Morrissey, John"
2918,"Morrow, Colonel"
2919,Morse
2920,Morse (acquaintance)
2921,"Morse, Christopher"
2922,"Morse, Samuel Finley Breese"
2923,Moses
2924,"Moses, Captain"
2925,Mosquitoes
2926,"Motherwell, William"
2927,"Mott, Dr."
2928,"Mouatt, Sarah"
2929,Mount
2930,"Mount Auburn Cemetery (Cambridge, Mass.)"
2931,"Mount, Dick"
2932,Moving
2933,"Muggins, Joseph"
2934,Muir
2935,"Muir, Hugh"
2936,"Muir, Sandy"
2937,"Muir, W."
2938,"Mullen, Edward F."
2939,"Mullen, Judge"
2940,Muller
2941,"Mulligan, Billy"
2942,Mullins
2943,"Muloch, Miss"
2944,Munford
2945,Munro
2946,Munro (boarder)
2947,Munroe
2948,"Munsey, A.J."
2949,Munton
2950,Murder
2951,Murdoch
2952,"Mure, Robert"
2953,Murphy
2954,"Murphy, Officer"
2955,Murray
2956,"Murray, Corporal"
2957,"Murray, George C."
2958,"Murray, Mary"
2959,"Murray, Mrs."
2960,Murtagh
2961,Murtough
2962,Museums
2963,Music
2964,"Muzzey, David P."
2965,Myer
2966,Myers
2967,"Mythology, Greek"
2968,"Nagle, James P. (Watt)"
2969,"Naglee, Henry M."
2970,Nanny
2971,"Napheys, Captain"
2972,"Napoleon I, Emperor of the French"
2973,"Napoleon III, Emperor of the French"
2974,Nast
2975,"Nast, Julia"
2976,"Nast, Mrs."
2977,"Nast, Sally (Nast)"
2978,"Nast, Thomas"
2979,"Nast, Tom"
2980,National advocate.
2981,Native Americans
2982,Naturalization
2983,Nature
2984,Neal
2985,Ned
2986,"Neddles, Nick"
2987,Neff
2988,"Neff, Mrs."
2989,"Neill, Henry"
2990,Nelly Baker (Ship)
2991,"Nelson, J.A."
2992,"Nelson, William"
2993,"Nethersol, Michael"
2994,"Netter and Co. (New York, N.Y.)"
2995,"Netter, Albert"
2996,"Netter, Gabriel"
2997,Nevins
2998,New Brunswick (Ship)
2999,New era.
3000,"New Hampshire Infantry Regiment, 16th"
3001,"New Hampshire Infantry Regiment, 2nd"
3002,"New Hampshire Infantry Regiment, 3rd"
3003,"New Hampshire Infantry Regiment, 4th"
3004,"New Hampshire Infantry Regiment, 7th"
3005,"New Hampshire Infantry Regiment, 8th"
3006,"New Jersey Cavalry Regiment, 1st"
3007,"New Jersey Infantry Regiment, 5th"
3008,"New Jersey Infantry Regiment, 6th"
3009,"New Jersey Infantry Regiment, 7th"
3010,"New Jersey Infantry Regiment, 8th"
3011,New London (Ship)
3012,New Orleans bee.
3013,New Orleans era.
3014,New Orleans picayune.
3015,New South.
3016,New Year
3017,New York and Erie Railroad Company
3018,New York caucasian.
3019,New York daybook.
3020,New York evening post.
3021,New York Exhibition of the Industry of All Nations
3022,New York graphic.
3023,New York herald
3024,New York herald.
3025,New York illustrated news
3026,New York illustrated news.
3027,"New York Infantry Regiment, 10th"
3028,"New York Infantry Regiment, 119th"
3029,"New York Infantry Regiment, 12th"
3030,"New York Infantry Regiment, 131st"
3031,"New York Infantry Regiment, 133rd"
3032,"New York Infantry Regiment, 14th"
3033,"New York Infantry Regiment, 156th"
3034,"New York Infantry Regiment, 160th"
3035,"New York Infantry Regiment, 173rd"
3036,"New York Infantry Regiment, 174th"
3037,"New York Infantry Regiment, 1st"
3038,"New York Infantry Regiment, 20th"
3039,"New York Infantry Regiment, 22nd"
3040,"New York Infantry Regiment, 2nd"
3041,"New York Infantry Regiment, 31st"
3042,"New York Infantry Regiment, 34th"
3043,"New York Infantry Regiment, 37th"
3044,"New York Infantry Regiment, 38th"
3045,"New York Infantry Regiment, 40th"
3046,"New York Infantry Regiment, 47th"
3047,"New York Infantry Regiment, 50th"
3048,"New York Infantry Regiment, 59th"
3049,"New York Infantry Regiment, 62nd"
3050,"New York Infantry Regiment, 66th"
3051,"New York Infantry Regiment, 67th"
3052,"New York Infantry Regiment, 6th"
3053,"New York Infantry Regiment, 70th"
3054,"New York Infantry Regiment, 71st"
3055,"New York Infantry Regiment, 72nd"
3056,"New York Infantry Regiment, 73rd"
3057,"New York Infantry Regiment, 74th"
3058,"New York Infantry Regiment, 79th"
3059,"New York Infantry Regiment, 7th"
3060,"New York Infantry Regiment, 86th"
3061,"New York Infantry Regiment, 87th"
3062,"New York Infantry Regiment, 8th"
3063,"New York Infantry Regiment, 90th"
3064,"New York Infantry Regiment, 9th"
3065,New York ledger.
3066,New York mercury.
3067,New York nation.
3068,New York picayune.
3069,New York porcupine.
3070,New York reveille.
3071,"New York State Militia Infantry Regiment, 2nd"
3072,"New York State Militia Infantry Regiment, 7th"
3073,New York sun.
3074,New York times
3075,New York times.
3076,New York tribune
3077,New York tribune.
3078,New York weekly.
3079,New York world
3080,New York world.
3081,New Yorker.
3082,"Newberry, J.S."
3083,Newbould
3084,"Newcastle, Henry Pelham, Duke of"
3085,Newcomb
3086,"Newcombe, Nelson"
3087,Newman
3088,"Newman, Madame"
3089,"Newman, Mrs."
3090,"Newton, Miss"
3091,Niagara (Ship)
3092,Niagara Falls (N.Y.)
3093,Nic nax.
3094,Nicholas
3095,"Nicholas, John G.W."
3096,"Nicholas, John, G.W."
3097,Nichols
3098,Nichols (acquaintance)
3099,Nichols (senator)
3100,Nichols (soldier)
3101,"Nichols, Edward"
3102,"Nichols, George E."
3103,"Nichols, Harry"
3104,"Nichols, Kate"
3105,"Nichols, Mary"
3106,"Nichols, Mrs."
3107,"Nichols, Ned"
3108,"Nichols, Ralph"
3109,Nicholson
3110,Nick nax.
3111,"Nightingale, Florence"
3112,Nilis
3113,"Nisbett, Mrs."
3114,Noah
3115,"Noble, Frank"
3116,Nolan
3117,"Nolan, Catherine"
3118,Nolcini
3119,Nordhammer
3120,Nordhoff
3121,Norman
3122,"Norman, Miss"
3123,"Norman, Mrs."
3124,Norris
3125,"Norris, Captain"
3126,"Norris, Milly (Green)"
3127,North Carolina (Ship)
3128,North Star (Ship)
3129,"North, William"
3130,Northberry
3131,Norton
3132,"Norval, Dr."
3133,Notre-Dame de Paris (Cathedral)
3134,"Novelty (New York, N.Y.)"
3135,Noyes
3136,"Noyes, Dr."
3137,"Noyes, Edward L."
3138,Nurses
3139,Nye
3140,Obituaries
3141,O'Brien
3142,"O'Brien, Fitz James"
3143,"O'Brien, Lucius"
3144,"O'Brien, Mrs."
3145,"O'Brien, Otto"
3146,"O'Brien, Smith"
3147,O'Bryan
3148,"O'Bryen, William"
3149,Ocean Eagle (Ship)
3150,Ocean travel
3151,O'Connell
3152,"O'Connell, John"
3153,"O'Conor, Charles"
3154,"Odell, R.M."
3155,Odenheimer
3156,Ogilvie
3157,"Oglethorpe, James"
3158,"Ognier, Lieutenant"
3159,"O'Gorman, Lieutenant"
3160,"O'Hanlon, Dr."
3161,"O'Hanlon, Phillip"
3162,"Ohio Infantry Regiment, 8th"
3164,"Olmsted, Frederick Law"
3165,Oneida (Ship)
3166,Opera
3167,"Optimus (New York, N.Y.)"
3168,"Oriental Saloon (New York, N.Y.)"
3169,"Original Palace Concert Saloon (New York, N.Y.)"
3170,Ormsbee
3171,Ornithorhynchus Club
3172,Orphens
3173,Orr
3174,"Orr, John"
3175,"Orr, L.L."
3176,"Orr, Nat"
3177,"Orr, Nick"
3178,Orton
3179,Osbon
3180,Osborne
3181,Oscanyan
3182,"Osgood, Frank"
3183,Osiris (Ship)
3184,"Oswald, Miss"
3185,Oteliaga
3186,Otis
3187,"Otis, Theo. C."
3188,Ottarson
3189,Ottawa (Ship)
3190,Owasco (Ship)
3191,"Owen, Allen F."
3192,"Owings, R.M."
3193,Pacific (Ship)
3194,"Paez, Jose Antonio"
3195,Page
3196,Page (Treasury employee)
3197,"Page, J. Augustus"
3198,"Pain, Harry"
3199,"Paine, Halbert E."
3200,"Paine, Lieutenant"
3201,Painter
3202,Palmer
3203,"Palmer, Dr."
3204,"Palmer, Mrs."
3205,"Palmerston, Lord"
3206,Palmo
3207,Pancknin
3208,Panton
3209,Pape
3210,"Pape, Jr."
3211,Parades
3212,"Paris, Louis Philippe Albert d'Orleans, comte de"
3213,Parker
3214,"Parker, Courtlandt"
3215,"Parker, Jr."
3216,"Parker, Mrs."
3217,"Parker, Theodore"
3218,Parkins
3219,"Parkins, Mrs."
3220,Parmeter
3221,"Parson & Co. (St. Louis, Mo.)"
3222,Parsons
3223,Parton
3224,"Parton, James"
3225,"Parton, James."
3226,"Parton, Mary (Rogers)"
3227,"Parton, Mrs."
3228,"Partridge, Acting-Master"
3229,Paterson
3230,"Paterson, Letitia"
3231,"Paterson, Mrs."
3232,"Paterson, Thomas"
3233,"Patmore, Coventry"
3234,Paton
3235,"Patten, George"
3236,"Patten, Willis"
3237,"Patten, Willis, Mrs."
3238,Patterson
3239,"Patterson, Francis E."
3240,"Patterson, John"
3241,"Patterson, Robert"
3242,Patti
3243,Patton
3244,Paul
3245,Paulding
3246,Paxton
3247,"Payne, Captain"
3248,"Peabody, C.A."
3249,"Peard, John Whitehead"
3250,Pearl
3251,Pearsall
3252,"Pearson, Harry"
3253,"Pease, Miss"
3254,Peck
3255,"Peck, John J."
3256,"Peck, Lieutenant"
3257,"Pegram, John"
3258,Peninsula Campaign (Va.)
3259,Peninsular Campaign (Va.)
3260,Peninsular Campaign (Va.): Prisoners of war (Confederate)
3261,"Pennoyer, Mrs."
3262,"Pennsylvania Cavalry Regiment, 3rd"
3263,"Pennsylvania Cavalry Regiment, 6th"
3264,"Pennsylvania Infantry Regiment, 105th"
3265,"Pennsylvania Infantry Regiment, 26th"
3266,"Pennsylvania Infantry Regiment, 56th"
3267,"Pennsylvania Infantry Regiment, 62nd"
3268,"Pennsylvania Infantry Regiment, 63rd"
3269,"Pennsylvania Infantry Regiment, 72nd"
3270,"Pennsylvania Infantry Regiment, 73rd"
3271,"Pennsylvania Infantry Regiment, 76th"
3272,"Pennsylvania Infantry Regiment, 87th"
3273,Perkins
3274,"Perkins, F.W."
3275,"Perkins, Miss"
3276,"Perret, Louis"
3277,"Perret, Madame"
3278,"Perritt, Pelatiah"
3279,Perry
3280,"Perry, William"
3281,Personne
3282,Pesetti
3283,Peter
3284,"Peters, Dr."
3285,"Peters, E.H."
3286,"Peters, F."
3287,Peterson
3288,Petit (Ship)
3289,Petrel (tugboat)
3290,"Pettigrew, Colonel"
3291,"Pettit, Lizzie (Cutler)"
3292,Peytona (Ship)
3293,Pfaff
3294,"Pfaff's (New York, N.Y.)"
3295,Phalon
3296,"Phalon, Jr."
3297,"Phalon, Mrs."
3298,Phelps
3299,"Phelps, Royal"
3300,Philadelphia enquirer.
3301,Philadelphia press.
3302,Phillips
3303,Phillips (boarder)
3304,Phillips (surgeon)
3305,"Phillips and Sampson (Boston, Mass.)"
3306,"Phillips, Alfred A."
3307,"Phillips, Ike"
3308,"Phillips, Mr."
3309,"Phillips, Mrs. (boarder)"
3310,"Phillips, Wendell"
3311,Phinny phellow.
3312,Photographers
3313,Phrenology
3314,Physicians and surgeons
3315,Piano performance
3316,"Pickens, F.W."
3317,"Pickens, F.W., Mrs."
3318,"Pickens, Miss"
3319,Pickett
3320,Pickpockets
3321,"Picton, Thomas"
3322,"Picton, Thomas, Mrs."
3323,Pictured Rocks National Lakeshore (Mich.)
3324,Pierce
3325,"Pierce, Franklin"
3326,"Pierce, Miss"
3327,Piercy
3328,"Piercy, Major"
3329,"Piercy, Mrs."
3330,"Pierson, Miss"
3331,"Pillow, Gideon J."
3332,"Pillow, John"
3333,"Pillow, Mary"
3334,"Pillow, Ned"
3335,"Pillow, William"
3336,Pinckney
3337,"Pinckney, W.C."
3338,Pineger
3339,"Pineger, Miss"
3340,"Pitcher, Stacy"
3341,"Pittman, Dr."
3342,Plagiarism
3343,Planter (Ship)
3344,"Planter's Hotel (New York, N.Y.)"
3345,"Platt, W.H."
3346,"Pleasonton, Alfred"
3347,"Poe, Edgar Allan"
3348,Poems
3349,Poetry
3350,Polhemus
3351,Police
3352,Politicians
3353,"Polk, Leonidas"
3354,Pollock
3355,Pollock (soldier)
3356,Pomeroy
3357,Pompey
3358,"Ponce de Leon, Juan"
3359,Poole
3360,"Poole, Mrs."
3361,Pope
3362,Pope (artist)
3363,"Pope, Frederick G."
3364,"Pope, John"
3365,"Pope, Marian"
3366,"Portch, Julian"
3367,Porter
3368,"Porter, David"
3369,"Porter, David D."
3370,"Porter, Fitz-John"
3371,"Porter, Mrs."
3372,Porter's spirit of the times.
3373,"Porth, Julian"
3374,"Post, George I."
3375,Potomac (Ship)
3376,Potter
3377,"Potter, Mrs."
3378,"Potter, Sergeant"
3379,"Pottier, H."
3380,Potts
3381,"Pougaud, Mlle."
3382,Pounden
3383,"Pounden, Frank"
3384,"Pounden, Frank, Mrs."
3385,"Pounden, Mrs."
3386,Pounds
3387,Poverty
3388,Powell
3389,Powell (Mississippi)
3390,"Powell, Dick"
3391,"Powell, E.S."
3392,"Powell, H."
3393,"Powell, Henrietta"
3394,"Powell, Miss"
3395,"Powell, Mrs. (Mississippi)"
3396,"Powell, Thomas"
3397,"Powell, Thomas, Mrs."
3398,"Powell, Wilkins"
3399,"Power, Tyrone"
3400,Powers
3401,Powhatan (Ship)
3402,Practical jokes
3403,Pratt
3404,"Pratt, E."
3405,"Pratt, Zadock"
3406,Prayer
3407,Pregnancy
3408,"Prentiss, Benjamin M."
3409,Presidential campaigns
3410,Preston
3411,Preterre
3412,Price
3413,Price (Alabama)
3414,Price (England)
3415,"Price, Emmeline"
3416,"Price, Harry"
3417,"Price, Miss"
3418,"Price, Mrs."
3419,"Price, Sarah"
3420,"Price, Sterling"
3421,Prices
3422,Prideaux
3423,Priestley
3424,Prince
3425,Prince (former slave)
3426,"Pringle, B."
3427,Prisoners
3428,Prisoners of war (Confederate)
3429,Prisoners of war (Union)
3430,Prisons
3431,Prisons (Union)
3432,Private investigators
3433,Probasco
3434,"Proctor, Albert E."
3435,"Proctor, Captain"
3436,"Proctor, Joseph"
3437,"Proctor, Redfield"
3438,Prostitutes
3439,Pryor
3440,Publishers and publishing
3441,Puckeridge
3442,"Puckeridge, Jane"
3443,"Pulsifer, Frank"
3444,Punch.
3445,Purdue
3446,Purdy
3447,Putnam
3448,Putnam (soldier)
3449,"Putney, Lieutenant"
3450,Putt
3451,Pyne
3452,"Pyne, John"
3453,"Quigg, John"
3454,Quinby
3455,"Quinby, Franklin"
3456,"Quincy, Edmund"
3457,"Rabineau, Charley"
3458,"Rabineau's (New York, N.Y.)"
3459,Rachel
3460,Radway
3461,Railroad
3462,Railroad travel
3463,"Rainbow (New York, N.Y.)"
3464,"Raleigh, Walter"
3465,"Ramsay, Russell (Buckstone)"
3466,"Rand, Captain"
3467,Randall
3468,"Randall, C."
3469,"rank, Tom"
3470,"Rankin, John"
3471,"Rapelyea, George"
3472,Rapjohn
3473,Rarey
3474,Rats
3475,Rattier
3476,Ravel
3477,Rawlings
3478,"Rawlings, Augustus"
3479,"Rawlings, Fred"
3480,"Rawlings, Maud"
3481,"Rawlings, Mrs."
3482,"Rawlings, T.E."
3483,Rawlinson
3484,Raymond
3485,Raymond (acquaintance)
3486,"Raymond, Captain"
3487,"Raymond, Henry J."
3488,"Read, Abner"
3489,"Read, Miss"
3490,"Reamer, Captain"
3491,"reatbatch, Edward (Bristol)"
3492,Reconstruction
3493,Reed
3494,Reed (engraver)
3495,"Reed, T.B."
3496,"Reed, W.G."
3497,Reese
3498,"Reese, Miss"
3499,"Reese, Sr."
3500,"Reeve, I.D."
3501,"Reeve, J.V.D."
3502,"Reichenbach, Karl, Freiherr von"
3503,Reid
3504,Reilly
3505,Release (Ship)
3506,Religion
3507,"Rench, John H."
3508,"Renshaw, Commodore"
3509,"Renshaw, Schell, Frank H."
3510,Rent
3511,Renwick
3512,Restaurants
3513,"Restell, Madame"
3514,Reuben
3515,Reynolds
3516,Reynolds (secretary)
3517,"Reynolds, Bill"
3518,"Reynolds, Charles B."
3519,"Reynolds, Vincent"
3520,"Rhett, R.B."
3521,"Rhett, Robert Barnwell"
3522,"Rhoades, C.W.C."
3523,Rhode Island (Ship)
3524,"Rhode Island Infantry Regiment, 1st"
3525,"Rhode Island Infantry Regiment, 2nd"
3526,"Rhode Island Infantry Regiment, 3rd"
3527,"Rhode Island Infantry Regiment, 4th"
3528,Rhodes
3529,"Ribaut, Jean"
3530,Rice
3531,Rice (acquaintance)
3532,"Rice, Dr."
3533,"Rice, J.M."
3534,Rich
3535,"Rich, Colonel"
3536,"Rich, Mrs."
3537,Richards
3538,"Richards, Addison Keane"
3539,"Richards, W."
3540,Richardson
3541,Richardson (boarder)
3542,Richardson (engraver)
3543,Richardson (Ohio)
3544,Richardson (reporter)
3545,"Richardson, Captain"
3546,"Richardson, G.N."
3547,"Richardson, George"
3548,"Richardson, George F."
3549,"Richardson, Lieutenant"
3550,"Richardson, Mrs."
3551,"Richardson, Mrs. (II)"
3552,"Riker, J. Layafette"
3553,Riley
3554,"Riley, Colonel"
3555,Rinaldo (Ship)
3556,Riordan
3557,"Ripley, Eliza McHilton"
3558,"Ripley, Lieutenant-Colonel"
3559,"Ripley, Philip"
3560,"Ripley, R.S."
3561,Risdale
3562,"Ritche, M."
3563,Ritchie
3564,Ritchie (Engraver)
3565,"Ritchie, Leith"
3566,River tourism
3567,River travel
3568,"Rivers, Prince"
3569,Roback
3570,Robben
3571,"Robbins, Eliph. H."
3572,"Robert, Amy"
3573,Roberts
3574,Roberts (engraver)
3575,"Roberts, Frederick Sleigh Roberts, Earl"
3576,"Roberts, George"
3577,"Roberts, George, Mrs."
3578,"Roberts, Jr."
3579,"Roberts, Mrs."
3580,"Roberts, Robert"
3581,"Roberts, W. Milnor"
3582,Robertson
3583,"Robertson, Agnes"
3584,"Robertson, Mrs. (Brougham)"
3585,"Robertson, William"
3586,"Robespierre, Maximilien"
3587,Robins
3588,Robinson
3589,Robinson (boarder)
3590,"Robinson, Fayette"
3591,"Robinson, Fayette, Mrs."
3592,"Robinson, Harai"
3593,"Robinson, Joel"
3594,"Robinson, John Cleveland"
3595,"Robinson, Miss"
3596,"Robinson, Mrs."
3597,"Robinson, Solon"
3598,Robson
3599,"Roche, Edmund Burke"
3600,Rodriguez
3601,Rogers
3602,Rogers (boat owner)
3603,Rogers (England)
3604,Rogers (surgeon)
3605,Rogers (sutler)
3606,"Rogers, Abigail"
3607,"Rogers, David L."
3608,"Rogers, Dr."
3609,"Rogers, J.H."
3610,"Rogers, Kitty"
3611,"Rogers, Miss"
3612,"Rogers, Sara"
3613,"Rogers, St. George"
3614,"Rogers, William"
3615,"Rogers, Willy"
3616,Rolon
3617,"Rolston, John M."
3618,Romanies
3619,"Romford, Jas. V."
3620,Rondel
3621,"Rondel, Mrs."
3622,"Roosevelt Island (New York, N.Y.) (Blackwell's Island)"
3623,"Roosevelt, Robert B."
3624,"Roosevelt, Robert B., Mrs."
3625,Roosters
3626,Ropes
3627,"Rosecrans, W.S."
3628,Roselle
3629,Rosely
3630,Rosenberg
3631,"Rosenberg, Mrs."
3632,Rosenburg
3633,Ross
3634,Ross (acquaintance)
3635,"Ross and Tousey's (New York, N.Y.)"
3636,"Ross, David"
3637,"Ross, J."
3638,"Ross, James"
3639,Rothschild
3640,Rouse
3641,Rovere
3642,Rowbottom
3643,"Rowley, William M."
3644,"Royal, Frank"
3645,"Royal, Frank, Jr."
3646,"Royal, Mrs."
3647,"Ruffin, Edmund"
3648,"Ruffin, Edmund, Jr."
3649,"Rugg, Martha"
3650,Ruggles
3651,"Ruppert, Franz"
3652,Russell
3653,Russell (proprietor)
3654,"Russell, Dr."
3655,"Russell, Eliza"
3656,"Russell, Henry"
3657,"Russell, John"
3658,"Russell, Judge"
3659,"Russell, Martha"
3660,"Russell, Miss"
3661,"Russell, Mr."
3662,"Russell, Mrs."
3663,"Russell, N.W."
3664,"Russell, Nathaniel M."
3665,"Russell, Richard"
3666,"Russell, Ritchie"
3667,"Ruttner, James"
3668,Ryer
3669,"Rynders, Isaiah"
3670,S. R. Spaulding (Ship)
3671,S. W. Brown (Ship)
3672,Sachem (Ship)
3673,Sachem.
3674,"Sackett, J.R."
3675,Sage
3676,Sage (acquaintance)
3677,"Sage (acquaintance): Waite, Olive (Bragg)"
3678,Sailors
3679,Saint Patrick's Day
3680,"Sala, George Augustus"
3681,Sally
3682,Salter
3683,"Salter, Dr. (Jasper)"
3684,Salters
3685,Sam. Ward (Ship)
3686,Sam. Ware (Ship)
3687,Sami (European people)
3688,Sampson
3689,Sampson (purser)
3690,"Sampson, Miss"
3691,Samuel (Uncle)
3692,Sanborn
3693,Sanchez
3694,"Sanchez, Will"
3695,Sandeman
3696,Sander
3697,"Sanders, George"
3698,"Sanders, Mary Livingston"
3699,"Sanderson, Augustine"
3700,"Sanderson, Robert"
3701,Sandy
3702,Sanford
3703,Sanford (England)
3704,"Sanger, Dr."
3705,Sangiovanni
3706,Santee (Ship)
3707,Santiago de Cuba (Ship)
3708,"Sargent, Charles S."
3709,"Sargent, Lorenzo D."
3710,Saroni
3711,Sarony
3712,Sartain
3713,Satellite (Ship)
3714,Saturday press.
3715,Saul
3716,Saunders
3717,"Saunders, Jr."
3718,"Saunders, Mrs."
3719,Savage
3720,"Savage, Captain"
3721,"Savage, John"
3722,"Savage, John Y."
3723,"Sawin, R.L."
3724,"Sawtelle, Captain"
3725,Sawyer
3726,"Sawyer, Captain"
3727,"Sawyer, Captain (Connecticut)"
3728,"Saxe, J.G."
3729,"Saxe, J.G., Mrs."
3730,Saxon (Ship)
3731,Saxton
3732,"Sayers, Thomas"
3733,Scalpel.
3734,Schaub
3735,"Schaub, Carolina Uniana (Scoville)"
3736,"Schell, Augustus"
3737,"Schell, Frank"
3738,"Schell, Frank H"
3739,"Schell, Frank H."
3740,"Schell, Frank H., Mrs."
3741,"Schenck, Mrs."
3742,Schenk
3743,"Schenk, A.V."
3744,"Schenk, Mrs."
3745,"Schmitt, Lewis"
3746,"Schmitt, Peter"
3747,"Schofield, Richard"
3748,Schools
3749,Schouboe
3750,"Schreiner, Louis"
3751,"Schurz, Carl"
3752,Schutte
3753,"Schutte, Sr."
3754,Science and civilization
3755,Scioto (Ship)
3756,"Scofield, J."
3757,Scott
3758,"Scott, Tom"
3759,"Scott, Walter"
3760,"Scott, Walter, Sir"
3761,"Scott, Winfield"
3762,"Scoville, Joe"
3763,"Scoville, Mary"
3764,Scranton
3765,"Scudder, Horace E."
3766,Sculpture
3767,Sculptures
3768,"Seamans, William H."
3769,Seares
3770,"Searle, January (G. S. Phillips)"
3771,Sears
3772,Sears (postmaster)
3773,"Sears, Amos"
3774,"Sears, Jack"
3775,Secession
3776,Secessionist daily news.
3777,Sedgwick
3778,Sedgwick (passenger)
3779,"Sedgwick, John"
3780,Selwyn
3781,"Selwyn, Jr."
3782,"Selwyn, Mrs."
3783,"Semmes, Raphael"
3784,Sergeant
3785,Sermons
3786,Serrell
3787,"Serrell, Edward W."
3788,"Serrell, Edward W."
3789,"Serrell, Edward W., Mrs."
3790,"Serrell, Mrs."
3791,Seth Lowe (Ship)
3792,"Seward, William Henry"
3793,Sewell
3794,"Sexton, Francis C."
3795,"Sexton, Nelly"
3796,"Sexton, Virginia"
3797,Seymour
3798,"Seymour, Charles (Bailey)"
3799,"Seymour, John"
3800,Shaffer
3801,"Shakespeare, William"
3803,Shanley
3804,Sharpe
3805,"Shatook, Captain"
3806,Shattock
3807,Shattuck
3808,Shaw
3809,Shaw (actor)
3810,Shaw (clerk)
3811,Shaw (journalist)
3812,Shaw (soldier)
3813,"Shaw, Charles P."
3814,"Shaw, Dora"
3815,"Shaw, George"
3816,"Shay, George"
3817,"Shee, E.B."
3818,Shelley
3819,"Shelley, Percy Bysshe"
3820,"Shelmire, J.H."
3821,"Sheneck, F."
3822,Shepherd
3823,Shepherd Knapp (Ship)
3824,"Shepherd, Jr."
3825,"Shepherd, Lieutenant"
3826,"Shepherd, Mrs."
3827,"Shepherd, Mrs. (widow)"
3828,"Shepherd, N.G"
3829,"Shepherd, N.G."
3830,"Shepland, Miss"
3831,"Sherman, Thomas W."
3832,"Sherman, W.T."
3833,"Sherman, William Tecumseh"
3834,"Shields, John"
3835,"Shopland, Miss"
3836,"Shopland, Mrs."
3837,Shorter
3838,Shovel
3839,"Shreve, Captain"
3840,Shuber
3841,"Sickles, Daniel Edgar"
3842,"Sickles, Daniel Edgar, Mrs."
3843,"Siddons, J.H."
3844,"Siddons, Sarah"
3845,Sidney
3846,Siege of Yorktown (Va.)
3847,"Sillaway, Captain"
3848,"Silliman, B.D."
3849,"Silva, Lieutenant"
3850,"Simmans, Columbus"
3851,Simpson
3852,Simpson (acquaintance)
3853,Simpson (Canada)
3854,Simpson (England)
3855,"Simpson, J. Palgrave"
3856,"Simpson, Mrs."
3857,"Simpson, Mrs. (Canada)"
3858,"Sims, Gilmore"
3859,Sinclair
3860,"Singer, Isaac Merritt"
3861,Skeet
3862,"Skidmore, W.L."
3863,"Skilton, Julius A."
3864,Skippon
3865,Slack
3866,Slaveholders
3867,Slavery
3868,Slaves
3869,"Sleeper, Lieutenant-Colonel"
3870,"Slidell, John"
3871,Slums
3872,"Small, N.P."
3873,"Small, Robert"
3874,"Smalley, Captain"
3875,Smallfield
3876,"Smiley, Robinson"
3877,"Smiley, Robinson, Mrs."
3878,Smith
3879,Smith (Boston)
3880,Smith (Mississippi)
3881,Smith (passenger)
3882,Smith (soldier)
3883,Smith (Tennessee)
3884,"Smith, Albert"
3885,"Smith, Assheton"
3886,"Smith, Captain"
3887,"Smith, Colonel"
3888,"Smith, Dan"
3889,"Smith, Elias"
3890,"Smith, Frank"
3891,"Smith, H."
3892,"Smith, Harvey"
3893,"Smith, Iquefo"
3894,"Smith, J. Brinton"
3895,"Smith, J. Tatler, Rev."
3896,"Smith, J. Tatler, Rev., Mrs."
3897,"Smith, James L."
3898,"Smith, John T."
3899,"Smith, John, Jr."
3900,"Smith, Kirby"
3901,"Smith, Louisiana"
3902,"Smith, Miss"
3903,"Smith, Orrin"
3904,"Smith, Samuel M."
3905,"Smith, Sergeant"
3906,"Smith, Truman"
3907,"Smith, William Duncan"
3908,"Smith, William F."
3909,Smoking
3910,Snakes
3911,Sneedon
3912,Snell
3913,"Snelling, Dr."
3914,Snow
3915,Snow (Boston)
3916,Socialism
3917,Softly
3918,Songs
3919,"South Carolina Infantry Regiment, 1st (Union)"
3920,"South Carolina Infantry Regiment, 21st"
3921,"South Carolina Infantry Regiment, 25th"
3922,Southwell
3923,Southworth
3924,Spalding
3925,"Sparks, Jonas"
3926,Spear
3927,Speck
3928,Speeches
3929,"Spencer, W.C."
3930,Spiritualism
3931,"Spooner, J.W."
3932,"Spottiswoode's (New York, N.Y.)"
3933,"Sprague, Homer B."
3934,"Spratt, L.W."
3935,Spring
3936,Spurgeon
3937,"Squier, E.G."
3938,"Squier, E.G., Mrs."
3939,"St. Andrew's Hall (Charleston, S.C.)"
3940,"St. Charles Hotel (New Orleans, La.)"
3941,St. Clair
3942,"St. Germans, Edward Granville Eliot, Earl of"
3943,St. Helena Island (S.C.)
3944,St. Lawrence (Ship)
3945,St. Mary (Ship)
3946,"St. Orme, Adelle"
3947,Stahl
3948,Stammers
3949,Stansby
3950,"Stansfield, Henry"
3951,"Stansfield, Henry, Miss"
3952,"Stansfield, Henry, Mrs."
3953,Star of the West (Ship)
3954,Stareaker
3955,Starr
3956,"Staten Island (New York, N.Y.)"
3957,Staten Islander (Ship)
3958,Steamboats
3959,"Steck, Fred"
3960,"Steck, W."
3961,"Stedman, Edmund Clarence"
3962,"Stedman, Laura"
3963,"Steers, Justice"
3964,Steiner
3965,Stephens
3966,"Stephens, Alexander Hamilton"
3967,"Stephens, Henry L."
3968,"Stephenson, Dr."
3969,Stetson
3970,"Stetson, Lewis"
3971,Steve
3972,"Stevens, Anne W."
3973,"Stevens, Captain"
3974,"Stevens, Fred G."
3975,"Stevens, G. Frank"
3976,"Stevens, Isaac Ingalls"
3977,"Stevens, Lieutenant-Colonel"
3978,Stewart
3979,Stewart (dry-goods man)
3980,Stewart (editor)
3981,"Stewart, Alexander Turney"
3982,"Stewart, James"
3983,Stilwell
3984,Stimson
3985,"Stine, Mrs."
3986,"Stock, Elliot"
3987,Stocks
3988,Stockton
3989,"Stockton, Lieutenant"
3990,"Stoddard, Charles B."
3991,Stoddart
3992,Stokes
3993,"Stokes, Henry"
3994,"Stokes, Joe"
3995,"Stokes, Miss"
3996,"Stokes, Mrs."
3997,Stone
3998,"Stone, B.G."
3999,"Stone, B.G., Mrs."
4000,"Stone, Charles"
4001,"Stone, Charles B."
4002,"Stone, Charles P."
4003,"Stone, Emma"
4004,"Stone, Mrs. (Boutcher)"
4005,"Stone, Mrs. (Boutcher) (Boutcher)"
4006,"Stoneman, George"
4007,"Stoney, James"
4008,"Storer, H.R."
4009,"Storr, Amy"
4010,"Storr, Arthur"
4011,Storrs
4012,Storrs (clergyman)
4013,"Stowe, Harriet Beecher"
4014,"Strafford, S.H."
4015,Strahan
4016,Stratton
4017,Strikes and lockouts
4018,Stringer
4019,"Stringer and Townsend (New York, N.Y.)"
4020,Strong
4021,Strong (Elmira)
4022,"Strong, George D."
4023,"Strong, Mrs. (Elmira)"
4024,"Strong, Thomas"
4025,"Strother, David Hunter"
4026,Stuart
4027,"Stuart, C.D."
4028,Stubbs
4029,Stuber
4030,"Stuber, Mrs."
4031,Sturgis
4032,"Sturgis, Miss"
4033,"Sturgis, Mr."
4034,"Sturgis, Mrs."
4035,"Sturnburg, George M."
4036,"Styles, Captain"
4038,Suicide
4039,Sullivan Island (S.C.)
4040,Summer
4041,"Sumner, Captain"
4042,"Sumner, Charles"
4043,"Sumner, Edwin V."
4044,"Sun (New York, N.Y.;1833)"
4045,Sunday courier.
4046,Sunday herald.
4047,Sunday mercury.
4048,Sunday times.
4049,Superstition
4050,"Supple, Pierce"
4051,Surtees
4052,Susquehanna (Ship)
4053,"Suter, Hales W."
4054,Sutherland
4055,"Sutherland, Harriet Elizabeth Georgiana Leveson-Gower, Duchess of"
4056,Swain
4057,Swamp Fox (Ship)
4058,Swan
4059,"Swan, J.J."
4060,"Swan, Mrs."
4061,Swanacre
4062,"Swart, John"
4063,Sweetapple
4064,Sweetsir
4065,Sweitzer
4066,"Sweitzer, Colonel"
4067,Swift Runner
4068,"Swift, John L."
4069,"Swinburne, Algernon Charles"
4070,Swinton
4071,"Swinton and Fay (New York, N.Y.)"
4072,"Swinton, Alfred"
4073,"Swinton, Alfred)"
4074,"Swinton, Alfred, Mrs."
4075,"Swinton, Mrs."
4076,"Swinton, Sr."
4077,Sykes
4078,Symes
4079,"Talbot, Colonel"
4080,Talcott
4081,"Talcott, Captain"
4082,"Talfourd, Frank"
4083,Tallis
4084,Tallmadge
4085,Talman
4086,"Tamison, Miss"
4087,Tanner
4088,"Tanner, Stephen"
4089,"Tarleton, Lieutenant-General (Banastre)"
4090,Tattoos
4091,Taylor
4092,Taylor (Ohio)
4093,"Taylor, Bayard"
4094,"Taylor, Colonel"
4095,"Taylor, Dick"
4096,"Taylor, Edward"
4097,"Taylor, G."
4098,"Taylor, Joseph"
4099,"Taylor, Judge"
4100,"Taylor, Margaret Smith"
4101,"Taylor, Mary"
4102,"Taylor, Mary B."
4103,"Taylor, Mrs."
4104,"Taylor, P.A."
4105,"Taylor, Richard"
4106,"Taylor, Smith, William F."
4107,"Taylor, Telemachus"
4108,"Taylor, Tom"
4109,"Taylor, Zachary"
4110,"Teague, Sergeant"
4111,"Teasdale, Major"
4112,Tease
4113,Temperance
4114,Tennessee (Ship)
4115,"Terry, Alfred H."
4116,"Terry, Alfred Howe"
4117,"Terry, Lieutenant"
4118,"Terry, Rose"
4119,"Tew, Anna"
4120,"Tew, Arthur"
4121,"Tew, Arthur, Jr."
4122,"Tew, Arthur, Mrs."
4123,"Tew, Henry"
4124,"Tew, Jane"
4125,"Tew, John"
4126,"Tew, John, Mrs."
4127,"Tew, Johnny"
4128,"Tew, Mary"
4129,"Tew, Mary Jane"
4130,"Tew, Polly"
4131,"Tew, Richard"
4132,"Tew, Rose A."
4133,"Tew, William"
4134,"Tew, Willy"
4135,"Texas Cavalry Regiment, 2nd (Union)"
4136,"Thackeray, William Makepeace"
4137,Thanksgiving Day
4138,Thatcher
4139,"Thayer, Joseph H."
4140,Theater
4141,Thomas
4142,Thomas Swan (Ship)
4143,"Thomas, Captain"
4144,"Thomas, George"
4145,"Thomas, James"
4146,"Thomas, Theodore Xavier"
4147,Thompson
4148,"Thompson, E.G."
4149,"Thompson, Frank"
4150,"Thompson, Launt"
4151,"Thompson, Mrs."
4152,"Thompson, Richard"
4153,Thomson
4154,Thomson (artist)
4155,"Thomson, Anna (""Chips"")"
4156,"Thomson, Cleve"
4157,"Thomson, Clif"
4158,"Thomson, Clifford"
4159,"Thomson, Ethel"
4160,"Thomson, Jr."
4161,"Thomson, Mortimer"
4162,"Thomson, Mortimer (Doesticks)"
4163,"Thomson, Sophy"
4164,Thornton
4165,"Thornton, Charles"
4166,Thorpe
4167,Thorpe (Banbury)
4168,"Thorpe, Colonel"
4169,"Thorpe, Thomas"
4170,"Thorpe, Thomas B."
4171,"Thorpe, Thomas B., Mrs."
4172,"Throckmorton, J.W."
4173,Thunderstorms
4174,Tib
4175,"Tiemann, Sergeant"
4176,Tiffin
4177,"Tift, Asa"
4178,Tightrope walking
4179,Tilton
4180,"Tilton, Mrs."
4181,Timberlake
4182,"Timbs, John"
4183,"Tinelli, Lieutenant-Colonel"
4184,"Titus, Captain"
4185,Tob
4186,Tobacco
4187,Tobey
4188,Toby
4189,"Todd, Captain"
4190,"Todd, John Blair Smith"
4191,Toler
4192,"Tolputt, James"
4193,Tomlinson
4194,"Tomlinson, Miss"
4195,"Tompkins, Colonel"
4196,"Tompkins, Ray"
4197,Toner
4198,Toole
4199,Topliff
4200,Tornadoes
4201,Torpedoes
4202,Tousey
4203,"Town, Captain"
4204,Townsend
4205,Townsend (boarder)
4206,"Townsend, George Alfred"
4207,"Townsend, Samuel"
4208,Tracy
4209,Tracy (New Orleans)
4210,"Tracy, Mrs. (New Orleans)"
4211,Trade Wind (Ship)
4212,Train
4213,"Train, George Francis"
4214,"Trainque, Cecilia (Phillips)"
4215,"Trampton, J.G."
4216,Transcendentalism
4217,Transportation
4218,Travel
4219,"Travel' Waud, Alfred"
4220,Traveler
4221,Traveler.
4222,"Trinity Church (New York, N.Y.)"
4223,"Tripler, Dr."
4224,Trow
4225,"Trowbridge, Charles"
4226,Truman
4227,Trumble
4228,"Trumbull, Dr."
4229,Tuffard
4230,Turkeys
4231,"Turley, Jack"
4232,"Turnbull, Colonel"
4233,Turner
4234,"Turner, J.M.W."
4235,"Turner, Jim"
4236,Turtles
4237,Tuthill
4238,Tuttle
4239,Twaites
4240,Twigg
4241,"Twiggs, David Emanuel"
4242,Tyler
4243,"Tyler, Mrs."
4244,"Tyler, Wat"
4245,Tysoe
4246,"Ullman, Bernard E."
4247,Ulric
4248,Ulrich
4249,Unadilla (Ship)
4250,Uncle Ben (Ship)
4251,"Underhill, Ed"
4252,"Underhill, Ed."
4253,"Underhill, Mrs."
4254,Unitarians
4255,"United States Army Cavalry Regiment, 6th"
4256,"United States Army Infantry Regiment, 11th"
4257,"United States Army Infantry Regiment, 3rd"
4258,"United States Army Infantry Regiment, 8th"
4259,"United States Army, Signal Corps"
4260,United States Navy
4261,"United States Sharpshooters Regiment, 1st"
4262,"United States, Army of the Potomac, Balloon Corps"
4263,University of Oxford
4264,"Upham, Johnny"
4265,Upjohn
4266,"Usher, J.D."
4267,Valentine
4268,Valentine's Day
4269,Van Amburg
4270,Van Anden
4271,Van Beest
4272,"Van Buren, Martin"
4273,"Van Buren, Martin (passenger)"
4274,"Van Cleve, Mrs."
4275,"Van Dorn, Earl"
4276,Van Dusen
4277,"Van Dusen, Miss"
4278,"Van Dyke, Henry"
4279,Van Fleet
4280,"Van Horne, Lieutenant"
4281,"Van Lear, Lieutenant-Colonel"
4282,"Van Name and Bush (New York, N.Y.)"
4283,Van Orden
4284,"Van Orden, Anna"
4285,"Van Orden, Miss"
4286,Van Vronken
4287,Van Wyck
4288,"Vananda, T. Hamilton"
4289,Vandenhoft
4290,Vanderbeek
4291,"Vanderbilt, Cornelius"
4292,Vanderhoff
4293,Vanity fair.
4294,Vassenberger
4295,"Vaughn, Captain"
4296,"Vaughn, Dr."
4297,"Vaughn, Miss"
4298,Veightal
4299,Velocity (Ship)
4300,"Vermilye, Ike"
4301,"Vermont Infantry Regiment, 2nd"
4302,"Vernet, Horace"
4303,"Vernon, Allie (Margaret Eytinge)"
4304,"Vernon, Josey"
4305,Versailles (France)
4306,"Vestris, Lucia Elizabeth Bartolozzi"
4307,Vesuvius (Ship)
4308,"Victor Emmanuel II, King of Italy"
4309,Victoria (Ship)
4310,"Victoria, Princess"
4311,"Victoria, Queen of Great Britain"
4312,Vieil
4313,Vigilance committees
4314,Villard
4315,"Villepigue, John Bordenave"
4316,"Vinal, John F."
4317,"Vinal, Margaret"
4318,"Vinal, Martha"
4319,"Vinal, Robert"
4320,Violet
4321,"Violle, James L."
4322,Virginia (Ship)
4323,"Virginia Infantry Regiment, 19th"
4324,"Virginia Infantry Regiment, 7th (Union)"
4325,Vitizelly
4326,Vose
4327,Wabash (Ship)
4328,"Wainwright, Captain"
4329,"Wainwright, Major"
4330,"Waite, Olive (Bragg)"
4331,"Wakeman, Captain"
4332,Walbridge
4333,Walem
4334,"Walem, Mrs."
4335,Walenn
4336,"Walenn, Mrs."
4337,Walker
4338,"Walker, Benjamin F."
4339,"Walker, Captain"
4340,"Walker, Major"
4341,"Walker, Mr."
4342,"Walker, William"
4343,Wall
4344,Wall (Michigan)
4345,"Wall, W.H."
4346,"Wallack, Fanny"
4347,"Wallack, James William"
4348,"Wallack, Lester"
4349,"Wallack's (New York, N.Y.)"
4350,Wallbridge
4351,Wallem
4352,"Wallem, Mrs."
4353,"Waller, Ed."
4354,Wallin
4355,"Walling, Captain"
4356,Wallington
4357,Walsh
4358,"Walsh, Charley"
4359,"Walter, Sergeant-Major"
4360,Walters
4361,Walton
4362,"Walton, Strong"
4363,Wanderer (Ship)
4364,Ward
4365,Ward (journalist)
4366,Ward (publisher)
4367,"Ward, Annie"
4368,"Ward, Artemus (C. F. Brown)"
4369,"Ward, Captain"
4370,"Ward, Colonel"
4371,"Ward, E.B."
4372,"Ward, Hobart"
4373,"Ward, John"
4374,"Ward, Ned"
4375,"Ward, Sam"
4376,"Ward, Sam, Mrs."
4377,"Wardlaw, F.H."
4378,Ware
4379,"Ware, A.M., Mrs."
4380,"Ware, John"
4381,Warkin
4382,Warne
4383,Warne (Rochester)
4384,"Warner, Mrs."
4385,Warren
4386,Warren (Michigan)
4387,Warren (Phalanx)
4388,"Warren, C.W."
4389,"Warren, C.W., Mrs."
4390,"Warren, John"
4391,"Warren, Mrs."
4392,"Washburn, Mrs."
4393,"Washburn, W.R.P."
4394,"Washburne, W.W."
4395,Washington
4396,Washington (Ship)
4397,"Washington, George"
4398,"Washington, Martha"
4399,"Wass, Ansel D."
4400,Waterman
4401,Waters
4402,Watson
4403,"Watson, Frederick"
4404,"Watson, John"
4405,"Watson, John, Mrs."
4406,Waud
4407,"Waud, Alfred"
4408,"Waud, Josephine"
4409,"Waud, Julia"
4410,"Waud, Mamy"
4411,"Waud, Mary Priscilla"
4412,"Waud, Mrs."
4413,"Waud, Nelly"
4414,"Waud, Selina"
4415,"Waud, William"
4416,"Waud, William, Mrs."
4417,Waylon
4418,"Waylon, Mrs."
4419,Wealth
4420,Weaver
4421,"Weaver, Miss"
4422,"Weaver, Mrs."
4423,Webb
4424,Webb (music store)
4425,Webb (reporter)
4426,"Webb, Mr."
4427,"Webb, Officer"
4428,Weber
4429,"Weber, Max"
4430,Webster
4431,"Webster, Adrienne"
4432,"Webster, Daniel"
4433,"Webster, Sydney"
4434,Weddle
4435,"Weddle, Miss"
4436,"Weddle, Mrs."
4437,Weed
4438,Weed (II)
4439,"Weed, Captain"
4440,"Weed, Jr."
4441,"Weed, Thurlow"
4442,"Weir, Captain"
4443,"Weitzel, G."
4444,"Welden, Charles"
4445,"Welden, Charles, Mrs."
4446,"Welden, J.T."
4447,"Welles, Edward"
4448,"Welles, Gideon"
4449,"Wellington, Arthur Wellesley, Duke of"
4450,"Wellington, J.L."
4451,Wells (acquaintance)
4452,"Wells and Webb (New York, N.Y.)"
4453,"Wells, Lieutenant Colonel"
4454,"Wells, Lieutenant-Colonel"
4455,Wenham (Ship)
4456,"Wentworth, D.L."
4457,West
4458,West (acquaintance)
4459,West (U.S.)
4460,Westfield (Ship)
4461,Weston
4462,"Weston, Dr."
4463,"Weston, John H."
4464,Wetmore
4465,Wharton
4466,"Wharton, Mrs."
4467,Wheeler
4468,Wheeler (passenger)
4469,"Wheeler, Mrs."
4470,"Wheeler, Mrs. (passenger)"
4471,"Wheeler, Tom"
4472,Whelpley
4473,Whipple
4474,White
4475,White (artist)
4476,White (treasurer)
4477,"White, Captain"
4478,"White, E."
4479,"White, Fanny"
4480,"White, J.H."
4481,"White, Lieutenant"
4482,"White, Richard Grant"
4483,Whitehurst
4484,"Whitelaw, Kate"
4485,"Whitelaw, Matthew"
4486,"Whitelaw, Matthew, Mrs."
4487,Whitely
4488,"Whitely, Captain"
4489,Whiting
4490,"Whiting, A.T."
4491,"Whiting, A.T., Mrs."
4492,"Whiting, Mrs."
4493,"Whiting, Sam"
4494,"Whiting, Samuel"
4495,Whitley
4496,"Whitman, Walt"
4497,Whitney
4498,Whitney (passenger)
4499,Whitney (ship-agent)
4500,"Whitside, Samuel M."
4501,Whittaker
4502,Whittemore
4503,Whittemore (Quartermaster)
4504,"Whittemore, Major"
4505,Whittle
4506,Whytal
4507,"Whytal, John"
4508,"Whytal, Jr."
4509,"Whytal, Mrs."
4510,Wide awake monthly.
4511,"Wiggin, Lieutenant"
4512,Wilbour
4513,"Wilbour, Mrs."
4514,Wilbur
4515,"Wilcox, Cadmus M."
4516,"Wilcox, Colonel"
4517,Wild
4518,Wild (acquaintance)
4519,"Wild, Captain"
4520,"Wild, Mr."
4521,"Wilder, John"
4522,Wiley
4523,"Wiley, Jr."
4524,Wilkes
4525,"Wilkes, Captain"
4526,"Wilkes, Charles"
4527,"Wilkes, George"
4528,"Wilkes, John"
4529,Wilkeson
4530,"Wilkeson, Bayard"
4531,"Wilkeson, Samuel"
4532,"Wilkeson, Samuel, Mrs."
4533,"Wilkeson, Samuel, Sr."
4534,"Wilkie, David"
4535,Wilkins
4536,Wilkins (England)
4537,"Wilkins, Ed. G. P."
4538,"Wilkins, Ed. G.P."
4539,"Wilkins, George"
4540,"Wilkins, Jr."
4541,"Wilkins, Mrs."
4542,"Wilkins, Mrs. (England)"
4543,"Willard's Hotel (Washington, D.C.)"
4544,"Willett, Joe"
4545,William
4546,William (Louisiana)
4547,Williams
4548,Williams (chaplain)
4549,Williams (England)
4550,Williams (engraver)
4551,"Williams, Abraham"
4552,"Williams, Abraham, Mrs."
4553,"Williams, Barney"
4554,"Williams, Barney, Mrs."
4555,"Williams, Captain"
4556,"Williams, Colonel"
4557,"Williams, Con."
4558,"Williams, Eliza"
4559,"Williams, General"
4560,"Williams, Major"
4561,"Williams, Major (Michigan)"
4562,"Williams, Mrs. (England)"
4563,"Williams, Sergeant"
4564,"Williams, Thomas"
4565,Williamson
4566,Willington
4567,"Willis, Hannah"
4568,"Willis, Nathanial Parker"
4569,"Willis, Nathaniel"
4570,"Willis, Nathaniel Parker"
4571,Williston
4572,"Williston, Mrs."
4573,Wilmshurst
4574,Wilson
4575,Wilson (editor)
4576,"Wilson, Billy"
4577,"Wilson, Billy, Mrs."
4578,"Wilson, Captain"
4579,"Wilson, Captain (Texas)"
4580,"Wilson, Samuel"
4581,"Wilson, Senator"
4582,Winchester
4583,"Winchester, S."
4584,"Winchester, S., Mrs."
4585,Windust
4586,"Wing, Jabez"
4587,"Wing, M.G."
4588,"Winney, Miss"
4589,Winona (Ship)
4590,Winser
4591,Winslow
4592,"Winslow, Mrs."
4593,Winter
4594,"Winter, William"
4595,"Winterhoff, A."
4596,Winthrop
4597,"Winthrop, Lieutenant"
4598,"Winthrop, Theodore"
4599,"Wisconsin Infantry Regiment, 4th"
4600,"Wise, Henry A."
4601,Wiseman
4602,"Withers, Thomas Jefferson"
4603,Wolf
4604,"Wolf, Charley"
4605,"Wolf, Mrs."
4606,"Wolf, Phoebe"
4607,Wollin
4608,Women
4609,Wood
4610,Wood (California)
4611,"Wood, C., Miss"
4612,"Wood, Fernando"
4613,"Wood, Frank"
4614,"Wood, Frank, Mrs."
4615,"Wood, John A."
4616,"Wood, John A., Mrs."
4617,"Woodcuff, H.O."
4618,Woodin
4619,Woodjohns
4620,"Woods, Almos N."
4621,Woodward
4622,Woodward (Charleston)
4623,Woodward (military officer)
4624,"Woodward, Lizzie"
4625,"Woodward, Lizzie (Fite)"
4626,"Woodward, M."
4627,"Woodward, Mrs. (Charleston)"
4628,"Woodward, Susan"
4629,"Woodward, Susan."
4630,Woodworth
4631,"Wool, John"
4632,"Wool, John Ellis"
4633,Worcester
4634,"Worch, Charles"
4635,"Wordsworth, William"
4636,Working class women
4637,Worth
4638,"Worth, Captain"
4639,"Worth, Miss"
4640,"Worth, Mrs."
4641,"Worth, William Jenkins"
4642,Worthington
4643,Wounds and injuries
4644,Wren
4645,Wright
4646,Wright (actor)
4647,"Wright, Charley"
4648,"Wright, Horatio Gouverneur"
4649,"Wright, Major"
4650,Writing
4651,Wurzbach
4652,"Wurzbach, Miss"
4653,Wyhe
4654,"Wyndham, Percy"
4655,"Yancey, William Lowndes"
4656,"Yankee notions, or, Whittlings of Jonathan's jack-knife."
4657,Yates
4658,Yatman
4659,"Yelverton, Lieutenant"
4660,"Yewell, George"
4661,Young
4662,"Young, William, Mrs."
4663,Yulee
4664,Yusef
4665,"Zagonyi, Charles"
4666,"Zimmerman, Charles W."
4667,Zoos
