collection,target_pid,date_issued,volume,issue
spress,digitalcollections:pfaffs_13,1858-10-23,1,01
spress,digitalcollections:pfaffs_14,1858-10-30,1,02
spress,digitalcollections:pfaffs_31,1858-11-06,1,03
spress,digitalcollections:pfaffs_32,1858-11-13,1,04
spress,digitalcollections:pfaffs_33,1858-11-20,1,05
spress,digitalcollections:pfaffs_34,1858-11-27,1,06
spress,digitalcollections:pfaffs_63,1858-12-04,1,07
spress,digitalcollections:pfaffs_64,1858-12-11,1,08
spress,digitalcollections:pfaffs_65,1858-12-18,1,09
spress,digitalcollections:pfaffs_66,1858-12-25,1,10
spress,digitalcollections:pfaffs_67,1859-01-01,2,01
spress,digitalcollections:pfaffs_68,1859-01-08,2,02
spress,digitalcollections:pfaffs_69,1859-01-15,2,03
spress,digitalcollections:pfaffs_187,1859-01-22,2,04
spress,digitalcollections:pfaffs_188,1859-01-29,2,05
spress,digitalcollections:pfaffs_189,1859-02-05,2,06
spress,digitalcollections:pfaffs_190,1859-02-12,2,07
spress,digitalcollections:pfaffs_191,1859-02-19,2,08
spress,digitalcollections:pfaffs_192,1859-02-26,2,09
spress,digitalcollections:pfaffs_193,1859-03-05,2,10
spress,digitalcollections:pfaffs_194,1859-03-12,2,11
spress,digitalcollections:pfaffs_195,1859-03-19,2,12
spress,digitalcollections:pfaffs_196,1859-03-26,2,13
spress,digitalcollections:pfaffs_198,1859-04-02,2,14
spress,digitalcollections:pfaffs_199,1859-04-09,2,15
spress,digitalcollections:pfaffs_197,1859-04-16,2,16
spress,digitalcollections:pfaffs_200,1859-04-23,2,17
spress,digitalcollections:pfaffs_201,1859-04-30,2,18
spress,digitalcollections:pfaffs_202,1859-05-07,2,19
spress,digitalcollections:pfaffs_203,1859-05-14,2,20
spress,digitalcollections:pfaffs_204,1859-05-21,2,21
spress,digitalcollections:pfaffs_205,1859-05-28,2,22
spress,digitalcollections:pfaffs_206,1859-06-04,2,23
spress,digitalcollections:pfaffs_207,1859-06-11,2,24
spress,digitalcollections:pfaffs_208,1859-06-18,2,25
spress,digitalcollections:pfaffs_209,1859-06-25,2,26
spress,digitalcollections:pfaffs_210,1859-07-02,2,27
spress,digitalcollections:pfaffs_211,1859-07-09,2,28
spress,digitalcollections:pfaffs_312,1859-07-16,2,29
spress,digitalcollections:pfaffs_313,1859-07-23,2,30
spress,digitalcollections:pfaffs_314,1859-07-30,2,31
spress,digitalcollections:pfaffs_315,1859-08-06,2,32
spress,digitalcollections:pfaffs_316,1859-08-13,2,33
spress,digitalcollections:pfaffs_317,1859-08-20,2,34
spress,digitalcollections:pfaffs_318,1859-08-27,2,35
spress,digitalcollections:pfaffs_319,1859-09-03,2,36
spress,digitalcollections:pfaffs_320,1859-09-10,2,37
spress,digitalcollections:pfaffs_321,1859-09-17,2,38
spress,digitalcollections:pfaffs_322,1859-09-24,2,39
spress,digitalcollections:pfaffs_323,1859-10-01,2,40
spress,digitalcollections:pfaffs_324,1859-10-08,2,41
spress,digitalcollections:pfaffs_325,1859-10-15,2,42
spress,digitalcollections:pfaffs_336,1859-10-22,2,43
spress,digitalcollections:pfaffs_326,1859-10-29,2,44
spress,digitalcollections:pfaffs_327,1859-11-05,2,45
spress,digitalcollections:pfaffs_328,1859-11-12,2,46
spress,digitalcollections:pfaffs_329,1859-11-19,2,47
spress,digitalcollections:pfaffs_330,1859-11-26,2,48
spress,digitalcollections:pfaffs_331,1859-12-03,2,49
spress,digitalcollections:pfaffs_332,1859-12-10,2,50
spress,digitalcollections:pfaffs_333,1859-12-17,2,51
spress,digitalcollections:pfaffs_334,1859-12-24,2,52
spress,digitalcollections:pfaffs_335,1859-12-31,2,53
spress,digitalcollections:pfaffs_538,1860-01-07,3,01
spress,digitalcollections:pfaffs_539,1860-01-14,3,02
spress,digitalcollections:pfaffs_540,1860-01-21,3,03
spress,digitalcollections:pfaffs_541,1860-01-28,3,04
spress,digitalcollections:pfaffs_542,1860-02-04,3,05
spress,digitalcollections:pfaffs_543,1860-02-11,3,06
spress,digitalcollections:pfaffs_544,1860-02-18,3,07
spress,digitalcollections:pfaffs_545,1860-02-25,3,08
spress,digitalcollections:pfaffs_546,1860-03-03,3,09
spress,digitalcollections:pfaffs_547,1860-03-10,3,10
spress,digitalcollections:pfaffs_548,1860-03-17,3,11
spress,digitalcollections:pfaffs_549,1860-03-24,3,12
spress,digitalcollections:pfaffs_550,1860-03-31,3,13
spress,digitalcollections:pfaffs_551,1860-04-07,3,14
spress,digitalcollections:pfaffs_552,1860-04-14,3,15
spress,digitalcollections:pfaffs_553,1860-04-21,3,16
spress,digitalcollections:pfaffs_554,1860-04-28,3,17
spress,digitalcollections:pfaffs_555,1860-05-05,3,18
spress,digitalcollections:pfaffs_556,1860-05-12,3,19
spress,digitalcollections:pfaffs_557,1860-05-19,3,20
spress,digitalcollections:pfaffs_558,1860-05-26,3,21
spress,digitalcollections:pfaffs_559,1860-06-02,3,22
spress,digitalcollections:pfaffs_560,1860-06-09,3,23
spress,digitalcollections:pfaffs_561,1860-06-16,3,24
spress,digitalcollections:pfaffs_562,1860-06-23,3,25
spress,digitalcollections:pfaffs_563,1860-06-30,3,26
spress,digitalcollections:pfaffs_564,1860-07-07,3,27
spress,digitalcollections:pfaffs_565,1860-07-14,3,28
spress,digitalcollections:pfaffs_566,1860-07-21,3,29
spress,digitalcollections:pfaffs_567,1860-07-28,3,30
spress,digitalcollections:pfaffs_568,1860-08-04,3,31
spress,digitalcollections:pfaffs_569,1860-08-11,3,32
spress,digitalcollections:pfaffs_570,1860-08-18,3,33
spress,digitalcollections:pfaffs_571,1860-08-25,3,34
spress,digitalcollections:pfaffs_572,1860-09-01,3,35
spress,digitalcollections:pfaffs_573,1860-09-08,3,36
spress,digitalcollections:pfaffs_574,1860-09-15,3,37
spress,digitalcollections:pfaffs_575,1860-09-22,3,38
spress,digitalcollections:pfaffs_576,1860-09-29,3,39
spress,digitalcollections:pfaffs_577,1860-10-06,3,40
spress,digitalcollections:pfaffs_578,1860-10-13,3,41
spress,digitalcollections:pfaffs_579,1860-10-20,3,42
spress,digitalcollections:pfaffs_580,1860-10-27,3,43
spress,digitalcollections:pfaffs_581,1860-11-03,3,44
spress,digitalcollections:pfaffs_582,1860-11-10,3,45
spress,digitalcollections:pfaffs_583,1860-11-17,3,46
spress,digitalcollections:pfaffs_587,1860-11-24,3,47
spress,digitalcollections:pfaffs_584,1860-12-01,3,48
spress,digitalcollections:pfaffs_585,1860-12-08,3,49
spress,digitalcollections:pfaffs_586,1860-12-15,3,50
spress,digitalcollections:pfaffs_961,1865-08-05,4,01
spress,digitalcollections:pfaffs_962,1865-08-12,4,02
spress,digitalcollections:pfaffs_963,1865-08-19,4,03
spress,digitalcollections:pfaffs_964,1865-08-26,4,04
spress,digitalcollections:pfaffs_965,1865-09-02,4,05
spress,digitalcollections:pfaffs_966,1865-09-09,4,06
spress,digitalcollections:pfaffs_967,1865-09-16,4,07
spress,digitalcollections:pfaffs_654,1865-09-23,4,08
spress,digitalcollections:pfaffs_968,1865-09-30,4,09
spress,digitalcollections:pfaffs_969,1865-10-07,4,10
spress,digitalcollections:pfaffs_970,1865-10-14,4,11
spress,digitalcollections:pfaffs_971,1865-10-21,4,12
spress,digitalcollections:pfaffs_972,1865-10-28,4,13
spress,digitalcollections:pfaffs_655,1865-11-04,4,14
spress,digitalcollections:pfaffs_973,1865-11-11,4,15
spress,digitalcollections:pfaffs_605,1865-11-18,4,16
spress,digitalcollections:pfaffs_974,1865-11-25,4,17
spress,digitalcollections:pfaffs_975,1865-12-02,4,18
spress,digitalcollections:pfaffs_976,1865-12-09,4,19
spress,digitalcollections:pfaffs_977,1865-12-16,4,20
spress,digitalcollections:pfaffs_978,1865-12-23,4,21
spress,digitalcollections:pfaffs_979,1865-12-30,4,22
spress,digitalcollections:pfaffs_1202,1866-01-06,5,01
spress,digitalcollections:pfaffs_1203,1866-01-13,5,02
spress,digitalcollections:pfaffs_1204,1866-01-20,5,03
spress,digitalcollections:pfaffs_656,1866-01-27,5,04
spress,digitalcollections:pfaffs_1205,1866-02-03,5,05
spress,digitalcollections:pfaffs_1206,1866-02-10,5,06
spress,digitalcollections:pfaffs_1207,1866-02-17,5,07
spress,digitalcollections:pfaffs_1208,1866-02-24,5,08
spress,digitalcollections:pfaffs_1209,1866-03-03,5,09
spress,digitalcollections:pfaffs_1210,1866-03-10,5,10
spress,digitalcollections:pfaffs_1211,1866-03-17,5,11
spress,digitalcollections:pfaffs_1212,1866-03-24,5,12
spress,digitalcollections:pfaffs_1213,1866-03-31,5,13
spress,digitalcollections:pfaffs_1214,1866-04-07,5,14
spress,digitalcollections:pfaffs_1215,1866-04-14,5,15
spress,digitalcollections:pfaffs_1216,1866-04-21,5,16
spress,digitalcollections:pfaffs_1217,1866-04-28,5,17
spress,digitalcollections:pfaffs_1218,1866-05-05,5,18
spress,digitalcollections:pfaffs_1219,1866-05-12,5,19
spress,digitalcollections:pfaffs_1220,1866-05-19,5,20
spress,digitalcollections:pfaffs_1221,1866-05-26,5,21
spress,digitalcollections:pfaffs_1222,1866-06-02,5,22
vfair,digitalcollections:pfaffs_7074,1859-12-31,1,001
vfair,digitalcollections:pfaffs_7087,1860-01-07,1,002
vfair,digitalcollections:pfaffs_7100,1860-01-14,1,003
vfair,digitalcollections:pfaffs_7113,1860-01-21,1,004
vfair,digitalcollections:pfaffs_7126,1860-01-28,1,005
vfair,digitalcollections:pfaffs_7139,1860-02-04,1,006
vfair,digitalcollections:pfaffs_7152,1860-02-11,1,007
vfair,digitalcollections:pfaffs_7165,1860-02-18,1,008
vfair,digitalcollections:pfaffs_7178,1860-02-25,1,009
vfair,digitalcollections:pfaffs_7191,1860-03-03,1,010
vfair,digitalcollections:pfaffs_7204,1860-03-10,1,011
vfair,digitalcollections:pfaffs_7217,1860-03-17,1,012
vfair,digitalcollections:pfaffs_7230,1860-03-24,1,013
vfair,digitalcollections:pfaffs_7243,1860-03-31,1,014
vfair,digitalcollections:pfaffs_7256,1860-04-07,1,015
vfair,digitalcollections:pfaffs_7269,1860-04-14,1,016
vfair,digitalcollections:pfaffs_7282,1860-04-21,1,017
vfair,digitalcollections:pfaffs_7295,1860-04-28,1,018
vfair,digitalcollections:pfaffs_7308,1860-05-05,1,019
vfair,digitalcollections:pfaffs_7321,1860-05-12,1,020
vfair,digitalcollections:pfaffs_7334,1860-05-19,1,021
vfair,digitalcollections:pfaffs_7347,1860-05-26,1,022
vfair,digitalcollections:pfaffs_7360,1860-06-02,1,023
vfair,digitalcollections:pfaffs_7373,1860-06-09,1,024
vfair,digitalcollections:pfaffs_7386,1860-06-16,1,025
vfair,digitalcollections:pfaffs_7401,1860-06-23,1,026
vfair,digitalcollections:pfaffs_7416,1860-06-30,2,001
vfair,digitalcollections:pfaffs_7429,1860-07-07,2,002
vfair,digitalcollections:pfaffs_7442,1860-07-14,2,003
vfair,digitalcollections:pfaffs_7481,1860-07-21,2,004
vfair,digitalcollections:pfaffs_7455,1860-07-28,2,005
vfair,digitalcollections:pfaffs_7468,1860-08-04,2,006
vfair,digitalcollections:pfaffs_7494,1860-08-11,2,007
vfair,digitalcollections:pfaffs_7507,1860-08-18,2,008
vfair,digitalcollections:pfaffs_7520,1860-08-25,2,009
vfair,digitalcollections:pfaffs_7533,1860-09-01,2,010
vfair,digitalcollections:pfaffs_7546,1860-09-08,2,011
vfair,digitalcollections:pfaffs_7559,1860-09-15,2,012
vfair,digitalcollections:pfaffs_7572,1860-09-22,2,013
vfair,digitalcollections:pfaffs_7585,1860-09-29,2,014
vfair,digitalcollections:pfaffs_7598,1860-10-06,2,015
vfair,digitalcollections:pfaffs_7611,1860-10-13,2,016
vfair,digitalcollections:pfaffs_7625,1860-10-20,2,017
vfair,digitalcollections:pfaffs_7636,1860-10-27,2,018
vfair,digitalcollections:pfaffs_7649,1860-11-03,2,019
vfair,digitalcollections:pfaffs_7662,1860-11-10,2,020
vfair,digitalcollections:pfaffs_7676,1860-11-17,2,021
vfair,digitalcollections:pfaffs_7689,1860-11-24,2,022
vfair,digitalcollections:pfaffs_7702,1860-12-01,2,023
vfair,digitalcollections:pfaffs_7713,1860-12-08,2,024
vfair,digitalcollections:pfaffs_7726,1860-12-15,2,025
vfair,digitalcollections:pfaffs_7739,1860-12-22,2,026
vfair,digitalcollections:pfaffs_7754,1860-12-29,2,027
vfair,digitalcollections:pfaffs_7771,1861-01-05,3,001
vfair,digitalcollections:pfaffs_7784,1861-01-12,3,002
vfair,digitalcollections:pfaffs_7797,1861-01-19,3,003
vfair,digitalcollections:pfaffs_7810,1861-01-26,3,004
vfair,digitalcollections:pfaffs_7823,1861-02-02,3,005
vfair,digitalcollections:pfaffs_7836,1861-02-09,3,006
vfair,digitalcollections:pfaffs_7849,1861-02-16,3,007
vfair,digitalcollections:pfaffs_7862,1861-02-23,3,008
vfair,digitalcollections:pfaffs_7875,1861-03-02,3,009
vfair,digitalcollections:pfaffs_7888,1861-03-09,3,010
vfair,digitalcollections:pfaffs_7901,1861-03-16,3,011
vfair,digitalcollections:pfaffs_7914,1861-03-23,3,012
vfair,digitalcollections:pfaffs_7927,1861-03-30,3,013
vfair,digitalcollections:pfaffs_7940,1861-04-06,3,014
vfair,digitalcollections:pfaffs_7953,1861-04-13,3,015
vfair,digitalcollections:pfaffs_7966,1861-04-20,3,016
vfair,digitalcollections:pfaffs_7979,1861-04-27,3,017
vfair,digitalcollections:pfaffs_7992,1861-05-04,3,018
vfair,digitalcollections:pfaffs_8005,1861-05-11,3,019
vfair,digitalcollections:pfaffs_8018,1861-05-18,3,020
vfair,digitalcollections:pfaffs_8031,1861-05-25,3,021
vfair,digitalcollections:pfaffs_8088,1861-06-01,3,022
vfair,digitalcollections:pfaffs_8077,1861-06-08,3,023
vfair,digitalcollections:pfaffs_8042,1861-06-15,3,024
vfair,digitalcollections:pfaffs_8053,1861-06-22,3,025
vfair,digitalcollections:pfaffs_8066,1861-06-29,3,026
vfair,digitalcollections:pfaffs_6734,1861-07-06,4,080
vfair,digitalcollections:pfaffs_6760,1861-07-13,4,081
vfair,digitalcollections:pfaffs_6747,1861-07-20,4,082
vfair,digitalcollections:pfaffs_6773,1861-07-27,4,083
vfair,digitalcollections:pfaffs_6786,1861-08-03,4,084
vfair,digitalcollections:pfaffs_6799,1861-08-10,4,085
vfair,digitalcollections:pfaffs_6812,1861-08-17,4,086
vfair,digitalcollections:pfaffs_6825,1861-08-24,4,087
vfair,digitalcollections:pfaffs_6838,1861-08-31,4,088
vfair,digitalcollections:pfaffs_6851,1861-09-07,4,089
vfair,digitalcollections:pfaffs_6864,1861-09-14,4,090
vfair,digitalcollections:pfaffs_6877,1861-09-21,4,091
vfair,digitalcollections:pfaffs_6890,1861-09-28,4,092
vfair,digitalcollections:pfaffs_6903,1861-10-05,4,093
vfair,digitalcollections:pfaffs_6916,1861-10-12,4,094
vfair,digitalcollections:pfaffs_6929,1861-10-19,4,095
vfair,digitalcollections:pfaffs_6942,1861-10-26,4,096
vfair,digitalcollections:pfaffs_6955,1861-11-02,4,097
vfair,digitalcollections:pfaffs_6968,1861-11-09,4,098
vfair,digitalcollections:pfaffs_6981,1861-11-16,4,099
vfair,digitalcollections:pfaffs_6994,1861-11-23,4,100
vfair,digitalcollections:pfaffs_7007,1861-11-30,4,101
vfair,digitalcollections:pfaffs_7020,1861-12-07,4,102
vfair,digitalcollections:pfaffs_7033,1861-12-14,4,103
vfair,digitalcollections:pfaffs_7046,1861-12-21,4,104
vfair,digitalcollections:pfaffs_7059,1861-12-28,4,105
vfair,digitalcollections:pfaffs_8448,1862-01-04,5,106
vfair,digitalcollections:pfaffs_8463,1862-01-11,5,107
vfair,digitalcollections:pfaffs_8476,1862-01-18,5,108
vfair,digitalcollections:pfaffs_8489,1862-01-25,5,109
vfair,digitalcollections:pfaffs_8502,1862-02-01,5,110
vfair,digitalcollections:pfaffs_8515,1862-02-08,5,111
vfair,digitalcollections:pfaffs_8528,1862-02-15,5,112
vfair,digitalcollections:pfaffs_8541,1862-02-22,5,113
vfair,digitalcollections:pfaffs_8554,1862-03-01,5,114
vfair,digitalcollections:pfaffs_8567,1862-03-08,5,115
vfair,digitalcollections:pfaffs_8580,1862-03-15,5,116
vfair,digitalcollections:pfaffs_8593,1862-03-22,5,117
vfair,digitalcollections:pfaffs_8606,1862-03-29,5,118
vfair,digitalcollections:pfaffs_8619,1862-04-05,5,119
vfair,digitalcollections:pfaffs_8632,1862-04-12,5,120
vfair,digitalcollections:pfaffs_8645,1862-04-19,5,121
vfair,digitalcollections:pfaffs_8658,1862-04-26,5,122
vfair,digitalcollections:pfaffs_8671,1862-05-03,5,123
vfair,digitalcollections:pfaffs_8684,1862-05-10,5,124
vfair,digitalcollections:pfaffs_8709,1862-05-24,5,125
vfair,digitalcollections:pfaffs_8722,1862-05-31,5,126
vfair,digitalcollections:pfaffs_8735,1862-06-07,5,127
vfair,digitalcollections:pfaffs_8748,1862-06-14,5,128
vfair,digitalcollections:pfaffs_8761,1862-06-21,5,129
vfair,digitalcollections:pfaffs_8774,1862-06-28,5,130
nyleader,digitalcollections:pfaffs_4594,1857-02-14,03,001
nyleader,digitalcollections:pfaffs_4603,1857-02-21,03,002
nyleader,digitalcollections:pfaffs_4612,1857-02-28,03,003
nyleader,digitalcollections:pfaffs_4621,1857-03-07,03,004
nyleader,digitalcollections:pfaffs_4630,1857-03-14,03,005
nyleader,digitalcollections:pfaffs_4639,1857-03-21,03,006
nyleader,digitalcollections:pfaffs_4648,1857-03-28,03,007
nyleader,digitalcollections:pfaffs_4657,1857-04-04,03,008
nyleader,digitalcollections:pfaffs_4666,1857-04-11,03,009
nyleader,digitalcollections:pfaffs_4675,1857-04-18,03,010
nyleader,digitalcollections:pfaffs_4684,1857-04-25,03,011
nyleader,digitalcollections:pfaffs_4693,1857-05-02,03,012
nyleader,digitalcollections:pfaffs_4702,1857-05-09,03,013
nyleader,digitalcollections:pfaffs_4711,1857-05-16,03,014
nyleader,digitalcollections:pfaffs_4720,1857-05-23,03,015
nyleader,digitalcollections:pfaffs_4729,1857-05-30,03,016
nyleader,digitalcollections:pfaffs_4738,1857-06-06,03,017
nyleader,digitalcollections:pfaffs_4747,1857-06-13,03,018
nyleader,digitalcollections:pfaffs_4756,1857-06-20,03,019
nyleader,digitalcollections:pfaffs_4765,1857-06-27,03,020
nyleader,digitalcollections:pfaffs_4774,1857-07-04,03,021
nyleader,digitalcollections:pfaffs_4783,1857-07-11,03,022
nyleader,digitalcollections:pfaffs_4792,1857-07-18,03,023
nyleader,digitalcollections:pfaffs_4801,1857-07-25,03,024
nyleader,digitalcollections:pfaffs_4810,1857-07-26,03,24B
nyleader,digitalcollections:pfaffs_4819,1857-08-01,03,025
nyleader,digitalcollections:pfaffs_4827,1857-08-08,03,026
nyleader,digitalcollections:pfaffs_4836,1857-08-15,03,027
nyleader,digitalcollections:pfaffs_4845,1857-08-22,03,028
nyleader,digitalcollections:pfaffs_4854,1857-08-29,03,029
nyleader,digitalcollections:pfaffs_4863,1857-09-05,03,030
nyleader,digitalcollections:pfaffs_4872,1857-09-12,03,031
nyleader,digitalcollections:pfaffs_4881,1857-09-19,03,032
nyleader,digitalcollections:pfaffs_4890,1857-09-26,03,033
nyleader,digitalcollections:pfaffs_4899,1857-10-03,03,034
nyleader,digitalcollections:pfaffs_4908,1857-10-10,03,035
nyleader,digitalcollections:pfaffs_4917,1857-10-17,03,036
nyleader,digitalcollections:pfaffs_4926,1857-10-24,03,037
nyleader,digitalcollections:pfaffs_4935,1857-10-31,03,038
nyleader,digitalcollections:pfaffs_4944,1857-11-07,03,039
nyleader,digitalcollections:pfaffs_4952,1857-11-14,03,040
nyleader,digitalcollections:pfaffs_4960,1857-11-21,03,041
nyleader,digitalcollections:pfaffs_4969,1857-11-28,03,042
nyleader,digitalcollections:pfaffs_4978,1857-12-05,03,043
nyleader,digitalcollections:pfaffs_4987,1857-12-12,03,044
nyleader,digitalcollections:pfaffs_4996,1857-12-19,03,045
nyleader,digitalcollections:pfaffs_5005,1857-12-26,03,046
nyleader,digitalcollections:pfaffs_5014,1858-01-02,03,047
nyleader,digitalcollections:pfaffs_5023,1858-01-09,03,048
nyleader,digitalcollections:pfaffs_5032,1858-01-16,03,049
nyleader,digitalcollections:pfaffs_5041,1858-01-23,03,050
nyleader,digitalcollections:pfaffs_5050,1858-01-30,03,051
nyleader,digitalcollections:pfaffs_5059,1858-02-06,03,052
nyleader,digitalcollections:pfaffs_5068,1858-02-13,04,001
nyleader,digitalcollections:pfaffs_5077,1858-02-20,04,002
nyleader,digitalcollections:pfaffs_5086,1858-02-27,04,003
nyleader,digitalcollections:pfaffs_5095,1858-03-06,04,004
nyleader,digitalcollections:pfaffs_5104,1858-03-13,04,005
nyleader,digitalcollections:pfaffs_5113,1858-03-20,04,006
nyleader,digitalcollections:pfaffs_5122,1858-03-27,04,007
nyleader,digitalcollections:pfaffs_5131,1858-04-03,04,008
nyleader,digitalcollections:pfaffs_5140,1858-04-10,04,009
nyleader,digitalcollections:pfaffs_5149,1858-04-17,04,010
nyleader,digitalcollections:pfaffs_5158,1858-04-24,04,011
nyleader,digitalcollections:pfaffs_5167,1858-05-01,04,012
nyleader,digitalcollections:pfaffs_5176,1858-05-08,04,013
nyleader,digitalcollections:pfaffs_5185,1858-05-15,04,014
nyleader,digitalcollections:pfaffs_5194,1858-05-22,04,015
nyleader,digitalcollections:pfaffs_5203,1858-05-29,04,016
nyleader,digitalcollections:pfaffs_5212,1858-06-05,04,017
nyleader,digitalcollections:pfaffs_5221,1858-06-12,04,018
nyleader,digitalcollections:pfaffs_5230,1858-06-19,04,019
nyleader,digitalcollections:pfaffs_5239,1858-06-26,04,020
nyleader,digitalcollections:pfaffs_5248,1858-07-03,04,021
nyleader,digitalcollections:pfaffs_5257,1858-07-10,04,022
nyleader,digitalcollections:pfaffs_5266,1858-07-17,04,023
nyleader,digitalcollections:pfaffs_5275,1858-07-24,04,024
nyleader,digitalcollections:pfaffs_5284,1858-07-31,04,025
nyleader,digitalcollections:pfaffs_5293,1858-08-07,04,026
nyleader,digitalcollections:pfaffs_5302,1858-08-14,04,027
nyleader,digitalcollections:pfaffs_5311,1858-08-21,04,028
nyleader,digitalcollections:pfaffs_5320,1858-08-28,04,029
nyleader,digitalcollections:pfaffs_5329,1858-09-04,04,030
nyleader,digitalcollections:pfaffs_5338,1858-09-11,04,031
nyleader,digitalcollections:pfaffs_5347,1858-09-18,04,032
nyleader,digitalcollections:pfaffs_5356,1858-09-25,04,033
nyleader,digitalcollections:pfaffs_5365,1858-10-02,04,034
nyleader,digitalcollections:pfaffs_5374,1858-10-09,04,035
nyleader,digitalcollections:pfaffs_5383,1858-10-16,04,036
nyleader,digitalcollections:pfaffs_5392,1858-10-23,04,037
nyleader,digitalcollections:pfaffs_5401,1858-10-30,04,038
nyleader,digitalcollections:pfaffs_5410,1858-11-06,04,039
nyleader,digitalcollections:pfaffs_5419,1858-11-13,04,040
nyleader,digitalcollections:pfaffs_5428,1858-11-20,04,041
nyleader,digitalcollections:pfaffs_5437,1858-11-27,04,042
nyleader,digitalcollections:pfaffs_5446,1858-12-04,04,043
nyleader,digitalcollections:pfaffs_5455,1858-12-11,04,044
nyleader,digitalcollections:pfaffs_5464,1858-12-18,04,045
nyleader,digitalcollections:pfaffs_5473,1858-12-25,04,046
nyleader,digitalcollections:pfaffs_5482,1859-01-01,04,047
nyleader,digitalcollections:pfaffs_5491,1859-01-08,04,048
nyleader,digitalcollections:pfaffs_5500,1859-01-15,04,049
nyleader,digitalcollections:pfaffs_5509,1859-01-22,04,050
nyleader,digitalcollections:pfaffs_5518,1859-01-29,04,051
nyleader,digitalcollections:pfaffs_5527,1859-02-05,04,052
nyleader,digitalcollections:pfaffs_5536,1859-02-12,05,001
nyleader,digitalcollections:pfaffs_5545,1859-02-19,05,002
nyleader,digitalcollections:pfaffs_5554,1859-02-26,05,003
nyleader,digitalcollections:pfaffs_5563,1859-03-05,05,004
nyleader,digitalcollections:pfaffs_5572,1859-03-12,05,005
nyleader,digitalcollections:pfaffs_5581,1859-03-19,05,006
nyleader,digitalcollections:pfaffs_5590,1859-03-26,05,007
nyleader,digitalcollections:pfaffs_5599,1859-04-02,05,008
nyleader,digitalcollections:pfaffs_5608,1859-04-09,05,009
nyleader,digitalcollections:pfaffs_5617,1859-04-16,05,010
nyleader,digitalcollections:pfaffs_5626,1859-04-23,05,011
nyleader,digitalcollections:pfaffs_5635,1859-04-30,05,012
nyleader,digitalcollections:pfaffs_5644,1859-05-07,05,013
nyleader,digitalcollections:pfaffs_5653,1859-05-14,05,014
nyleader,digitalcollections:pfaffs_5662,1859-05-21,05,015
nyleader,digitalcollections:pfaffs_5671,1859-05-28,05,016
nyleader,digitalcollections:pfaffs_5680,1859-06-04,05,017
nyleader,digitalcollections:pfaffs_5689,1859-06-11,05,018
nyleader,digitalcollections:pfaffs_5698,1859-06-18,05,019
nyleader,digitalcollections:pfaffs_5707,1859-06-25,05,020
nyleader,digitalcollections:pfaffs_5716,1859-07-02,05,021
nyleader,digitalcollections:pfaffs_5725,1859-07-09,05,022
nyleader,digitalcollections:pfaffs_5734,1859-07-16,05,023
nyleader,digitalcollections:pfaffs_5743,1859-07-23,05,024
nyleader,digitalcollections:pfaffs_5752,1859-07-30,05,025
nyleader,digitalcollections:pfaffs_5761,1859-08-06,05,026
nyleader,digitalcollections:pfaffs_5770,1859-08-13,05,027
nyleader,digitalcollections:pfaffs_5779,1859-08-20,05,028
nyleader,digitalcollections:pfaffs_5788,1859-08-27,05,029
nyleader,digitalcollections:pfaffs_5797,1859-09-03,05,030
nyleader,digitalcollections:pfaffs_5806,1859-09-10,05,031
nyleader,digitalcollections:pfaffs_5816,1859-09-17,05,032
nyleader,digitalcollections:pfaffs_5825,1859-09-24,05,033
nyleader,digitalcollections:pfaffs_5834,1859-10-01,05,034
nyleader,digitalcollections:pfaffs_5844,1859-10-08,05,035
nyleader,digitalcollections:pfaffs_5853,1859-10-15,05,036
nyleader,digitalcollections:pfaffs_5862,1859-10-22,05,037
nyleader,digitalcollections:pfaffs_5871,1859-10-29,05,038
nyleader,digitalcollections:pfaffs_5880,1859-11-05,05,039
nyleader,digitalcollections:pfaffs_5889,1859-11-12,05,040
nyleader,digitalcollections:pfaffs_5898,1859-11-19,05,041
nyleader,digitalcollections:pfaffs_5907,1859-11-26,05,042
nyleader,digitalcollections:pfaffs_5916,1859-12-03,05,043
nyleader,digitalcollections:pfaffs_5925,1859-12-10,05,044
nyleader,digitalcollections:pfaffs_5934,1859-12-17,05,045
nyleader,digitalcollections:pfaffs_5943,1859-12-24,05,046
nyleader,digitalcollections:pfaffs_5952,1859-12-31,05,047
nyleader,digitalcollections:pfaffs_5961,1860-02-04,05,52
nyleader,digitalcollections:pfaffs_5964,1860-02-06,05,52B
nyleader,digitalcollections:pfaffs_5973,1860-02-11,06,001
nyleader,digitalcollections:pfaffs_5982,1860-02-18,06,002
nyleader,digitalcollections:pfaffs_5991,1860-02-25,06,003
nyleader,digitalcollections:pfaffs_6000,1860-03-03,06,004
nyleader,digitalcollections:pfaffs_6009,1860-03-10,06,005
nyleader,digitalcollections:pfaffs_6018,1860-03-17,06,006
nyleader,digitalcollections:pfaffs_6027,1860-03-24,06,007
nyleader,digitalcollections:pfaffs_6036,1860-03-31,06,008
nyleader,digitalcollections:pfaffs_6044,1860-04-07,06,009
nyleader,digitalcollections:pfaffs_6053,1860-04-14,06,010
nyleader,digitalcollections:pfaffs_6062,1860-04-21,06,011
nyleader,digitalcollections:pfaffs_6071,1860-04-28,06,012
nyleader,digitalcollections:pfaffs_6080,1860-05-05,06,013
nyleader,digitalcollections:pfaffs_6089,1860-05-12,06,014
nyleader,digitalcollections:pfaffs_6098,1860-05-19,06,015
nyleader,digitalcollections:pfaffs_6107,1860-05-26,06,016
nyleader,digitalcollections:pfaffs_6116,1860-06-02,06,017
nyleader,digitalcollections:pfaffs_6124,1860-06-09,06,018
nyleader,digitalcollections:pfaffs_6133,1860-06-16,06,019
nyleader,digitalcollections:pfaffs_6142,1860-06-23,06,020
nyleader,digitalcollections:pfaffs_6151,1860-06-30,06,021
nyleader,digitalcollections:pfaffs_6160,1860-07-07,06,022
nyleader,digitalcollections:pfaffs_6169,1860-07-14,06,023
nyleader,digitalcollections:pfaffs_6178,1860-07-21,06,024
nyleader,digitalcollections:pfaffs_6187,1860-07-28,06,025
nyleader,digitalcollections:pfaffs_6196,1860-08-04,06,026
nyleader,digitalcollections:pfaffs_6205,1860-08-11,06,027
nyleader,digitalcollections:pfaffs_6214,1860-08-18,06,028
nyleader,digitalcollections:pfaffs_6223,1860-08-25,06,029
nyleader,digitalcollections:pfaffs_6232,1860-09-01,06,030
nyleader,digitalcollections:pfaffs_6241,1860-09-08,06,031
nyleader,digitalcollections:pfaffs_6250,1860-09-15,06,032
nyleader,digitalcollections:pfaffs_6259,1860-09-22,06,033
nyleader,digitalcollections:pfaffs_6268,1860-09-29,06,034
nyleader,digitalcollections:pfaffs_6277,1860-10-06,06,035
nyleader,digitalcollections:pfaffs_6286,1860-10-13,06,036
nyleader,digitalcollections:pfaffs_6295,1860-10-20,06,037
nyleader,digitalcollections:pfaffs_6304,1860-10-27,06,038
nyleader,digitalcollections:pfaffs_6313,1860-11-03,06,039
nyleader,digitalcollections:pfaffs_6322,1860-11-10,06,040
nyleader,digitalcollections:pfaffs_6331,1860-11-17,06,041
nyleader,digitalcollections:pfaffs_6340,1860-11-24,06,042
nyleader,digitalcollections:pfaffs_6349,1860-12-01,06,043
nyleader,digitalcollections:pfaffs_6358,1860-12-08,06,044
nyleader,digitalcollections:pfaffs_6367,1860-12-15,06,045
nyleader,digitalcollections:pfaffs_6376,1860-12-22,06,046
nyleader,digitalcollections:pfaffs_6385,1860-12-29,06,047
nyleader,digitalcollections:pfaffs_6394,1861-01-05,06,048
nyleader,digitalcollections:pfaffs_6403,1861-01-12,06,049
nyleader,digitalcollections:pfaffs_6412,1861-01-19,06,050
nyleader,digitalcollections:pfaffs_6421,1861-01-26,06,051
nyleader,digitalcollections:pfaffs_6428,1861-02-02,06,052
nyleader,digitalcollections:pfaffs_1231,1861-11-23,07,042
nyleader,digitalcollections:pfaffs_1240,1861-11-30,07,043
nyleader,digitalcollections:pfaffs_6437,1862-02-15,08,007
nyleader,digitalcollections:pfaffs_6446,1862-02-22,08,008
nyleader,digitalcollections:pfaffs_6455,1862-03-01,08,009
nyleader,digitalcollections:pfaffs_6464,1862-03-15,08,011
nyleader,digitalcollections:pfaffs_6473,1862-03-22,08,012
nyleader,digitalcollections:pfaffs_6482,1862-03-29,08,013
nyleader,digitalcollections:pfaffs_6491,1862-04-12,08,015
nyleader,digitalcollections:pfaffs_6500,1862-04-19,08,016
nyleader,digitalcollections:pfaffs_6509,1862-04-26,08,017
nyleader,digitalcollections:pfaffs_6520,1862-05-03,08,018
nyleader,digitalcollections:pfaffs_6529,1862-05-10,08,019
nyleader,digitalcollections:pfaffs_6538,1862-07-12,08,027
nyleader,digitalcollections:pfaffs_6547,1862-07-19,08,028
nyleader,digitalcollections:pfaffs_6556,1862-07-26,08,029
nyleader,digitalcollections:pfaffs_6565,1862-08-02,08,030
nyleader,digitalcollections:pfaffs_6574,1862-08-09,08,031
nyleader,digitalcollections:pfaffs_6583,1862-08-16,08,032
nyleader,digitalcollections:pfaffs_6592,1862-08-23,08,033
nyleader,digitalcollections:pfaffs_6601,1862-08-30,08,034
nyleader,digitalcollections:pfaffs_6610,1862-09-06,08,035
nyleader,digitalcollections:pfaffs_6619,1862-09-13,08,036
nyleader,digitalcollections:pfaffs_6629,1862-09-20,08,037
nyleader,digitalcollections:pfaffs_6638,1862-09-27,08,038
nyleader,digitalcollections:pfaffs_6647,1862-10-11,08,040
nyleader,digitalcollections:pfaffs_6656,1862-10-18,08,042
nyleader,digitalcollections:pfaffs_6665,1862-11-08,08,045
nyleader,digitalcollections:pfaffs_6674,1862-11-22,08,046
nyleader,digitalcollections:pfaffs_6683,1862-11-29,08,047
nyleader,digitalcollections:pfaffs_6692,1862-12-06,08,048
nyleader,digitalcollections:pfaffs_6701,1862-12-13,08,049
nyleader,digitalcollections:pfaffs_6710,1862-12-20,08,050
nyleader,digitalcollections:pfaffs_6719,1862-12-27,08,051
nyleader,digitalcollections:pfaffs_1249,1863-01-03,09,001
nyleader,digitalcollections:pfaffs_1258,1863-01-10,09,002
nyleader,digitalcollections:pfaffs_1269,1863-01-17,09,003
nyleader,digitalcollections:pfaffs_1278,1863-01-24,09,004
nyleader,digitalcollections:pfaffs_1287,1863-01-31,09,005
nyleader,digitalcollections:pfaffs_1296,1863-02-07,09,006
nyleader,digitalcollections:pfaffs_1305,1863-02-14,09,007
nyleader,digitalcollections:pfaffs_1314,1863-02-21,09,008
nyleader,digitalcollections:pfaffs_1323,1863-02-28,09,009
nyleader,digitalcollections:pfaffs_1332,1863-03-07,09,010
nyleader,digitalcollections:pfaffs_1341,1863-03-14,09,011
nyleader,digitalcollections:pfaffs_1350,1863-03-21,09,012
nyleader,digitalcollections:pfaffs_1359,1863-03-28,09,013
nyleader,digitalcollections:pfaffs_1368,1863-04-04,09,014
nyleader,digitalcollections:pfaffs_1377,1863-04-11,09,015
nyleader,digitalcollections:pfaffs_1386,1863-04-18,09,016
nyleader,digitalcollections:pfaffs_1395,1863-04-25,09,017
nyleader,digitalcollections:pfaffs_1402,1863-05-02,09,018
nyleader,digitalcollections:pfaffs_1411,1863-05-09,09,019
nyleader,digitalcollections:pfaffs_1420,1863-05-16,09,020
nyleader,digitalcollections:pfaffs_1429,1863-05-23,09,021
nyleader,digitalcollections:pfaffs_1438,1863-05-30,09,022
nyleader,digitalcollections:pfaffs_1447,1863-06-06,09,023
nyleader,digitalcollections:pfaffs_1456,1863-06-13,09,024
nyleader,digitalcollections:pfaffs_1465,1863-06-20,09,025
nyleader,digitalcollections:pfaffs_1474,1863-06-27,09,026
nyleader,digitalcollections:pfaffs_1483,1863-07-04,09,027
nyleader,digitalcollections:pfaffs_1492,1863-07-11,09,028
nyleader,digitalcollections:pfaffs_1502,1863-07-18,09,029
nyleader,digitalcollections:pfaffs_1511,1863-07-25,09,030
nyleader,digitalcollections:pfaffs_1520,1863-08-01,09,031
nyleader,digitalcollections:pfaffs_1529,1863-08-08,09,032
nyleader,digitalcollections:pfaffs_1538,1863-08-15,09,033
nyleader,digitalcollections:pfaffs_1547,1863-08-22,09,034
nyleader,digitalcollections:pfaffs_1556,1863-08-29,09,035
nyleader,digitalcollections:pfaffs_1565,1863-09-05,09,036
nyleader,digitalcollections:pfaffs_1574,1863-09-12,09,037
nyleader,digitalcollections:pfaffs_1584,1863-09-19,09,038
nyleader,digitalcollections:pfaffs_1594,1863-09-26,09,039
nyleader,digitalcollections:pfaffs_1603,1863-10-03,09,040
nyleader,digitalcollections:pfaffs_1612,1863-10-10,09,041
nyleader,digitalcollections:pfaffs_1621,1863-10-17,09,042
nyleader,digitalcollections:pfaffs_1630,1863-10-24,09,043
nyleader,digitalcollections:pfaffs_1639,1863-10-31,09,044
nyleader,digitalcollections:pfaffs_1648,1863-11-07,09,045
nyleader,digitalcollections:pfaffs_1657,1863-11-14,09,046
nyleader,digitalcollections:pfaffs_1666,1863-11-21,09,047
nyleader,digitalcollections:pfaffs_1675,1863-11-28,09,048
nyleader,digitalcollections:pfaffs_1684,1863-12-05,09,049
nyleader,digitalcollections:pfaffs_1693,1863-12-12,09,050
nyleader,digitalcollections:pfaffs_1702,1863-12-19,09,051
nyleader,digitalcollections:pfaffs_1711,1863-12-26,09,052
nyleader,digitalcollections:pfaffs_1720,1864-01-02,10,001
nyleader,digitalcollections:pfaffs_1729,1864-01-09,10,002
nyleader,digitalcollections:pfaffs_1738,1864-01-16,10,003
nyleader,digitalcollections:pfaffs_1747,1864-01-23,10,004
nyleader,digitalcollections:pfaffs_1760,1864-01-30,10,005
nyleader,digitalcollections:pfaffs_1769,1864-02-06,10,006
nyleader,digitalcollections:pfaffs_1778,1864-02-13,10,007
nyleader,digitalcollections:pfaffs_1787,1864-02-20,10,008
nyleader,digitalcollections:pfaffs_1796,1864-02-27,10,009
nyleader,digitalcollections:pfaffs_1805,1864-03-05,10,010
nyleader,digitalcollections:pfaffs_1816,1864-03-12,10,011
nyleader,digitalcollections:pfaffs_1825,1864-03-19,10,012
nyleader,digitalcollections:pfaffs_1834,1864-03-26,10,013
nyleader,digitalcollections:pfaffs_1843,1864-04-02,10,014
nyleader,digitalcollections:pfaffs_1852,1864-04-09,10,015
nyleader,digitalcollections:pfaffs_1861,1864-04-16,10,016
nyleader,digitalcollections:pfaffs_1870,1864-04-23,10,017
nyleader,digitalcollections:pfaffs_1879,1864-04-30,10,018
nyleader,digitalcollections:pfaffs_1888,1864-05-07,10,019
nyleader,digitalcollections:pfaffs_1897,1864-05-14,10,020
nyleader,digitalcollections:pfaffs_1906,1864-05-21,10,021
nyleader,digitalcollections:pfaffs_1915,1864-05-28,10,022
nyleader,digitalcollections:pfaffs_1924,1864-06-04,10,023
nyleader,digitalcollections:pfaffs_1933,1864-06-11,10,024
nyleader,digitalcollections:pfaffs_1942,1864-06-18,10,025
nyleader,digitalcollections:pfaffs_1951,1864-06-25,10,026
nyleader,digitalcollections:pfaffs_1960,1864-07-02,10,027
nyleader,digitalcollections:pfaffs_1969,1864-07-09,10,028
nyleader,digitalcollections:pfaffs_1978,1864-07-16,10,029
nyleader,digitalcollections:pfaffs_1987,1864-07-23,10,030
nyleader,digitalcollections:pfaffs_1996,1864-07-30,10,031
nyleader,digitalcollections:pfaffs_2005,1864-08-06,10,032
nyleader,digitalcollections:pfaffs_2014,1864-08-13,10,033
nyleader,digitalcollections:pfaffs_2023,1864-08-20,10,034
nyleader,digitalcollections:pfaffs_2032,1864-08-27,10,036
nyleader,digitalcollections:pfaffs_2042,1864-09-03,10,037
nyleader,digitalcollections:pfaffs_2051,1864-09-10,10,038
nyleader,digitalcollections:pfaffs_2060,1864-09-17,10,039
nyleader,digitalcollections:pfaffs_2069,1864-09-24,10,040
nyleader,digitalcollections:pfaffs_2078,1864-10-01,10,041
nyleader,digitalcollections:pfaffs_2087,1864-10-08,10,042
nyleader,digitalcollections:pfaffs_2100,1864-10-15,10,043
nyleader,digitalcollections:pfaffs_2113,1864-10-22,10,044
nyleader,digitalcollections:pfaffs_2124,1864-10-29,10,045
nyleader,digitalcollections:pfaffs_2133,1864-11-05,10,046
nyleader,digitalcollections:pfaffs_2143,1864-11-12,10,047
nyleader,digitalcollections:pfaffs_2152,1864-11-19,10,048
nyleader,digitalcollections:pfaffs_2162,1864-11-26,10,049
nyleader,digitalcollections:pfaffs_2171,1864-12-03,10,050
nyleader,digitalcollections:pfaffs_2180,1864-12-10,10,50B
nyleader,digitalcollections:pfaffs_2189,1864-12-17,10,051
nyleader,digitalcollections:pfaffs_2198,1864-12-24,10,052
nyleader,digitalcollections:pfaffs_2207,1864-12-31,10,053
nyleader,digitalcollections:pfaffs_2219,1865-01-07,11,001
nyleader,digitalcollections:pfaffs_2228,1865-01-14,11,002
nyleader,digitalcollections:pfaffs_2242,1865-01-21,11,003
nyleader,digitalcollections:pfaffs_2251,1865-01-28,11,004
nyleader,digitalcollections:pfaffs_2260,1865-02-04,11,005
nyleader,digitalcollections:pfaffs_2273,1865-02-11,11,006
nyleader,digitalcollections:pfaffs_2282,1865-02-18,11,007
nyleader,digitalcollections:pfaffs_2291,1865-02-25,11,008
nyleader,digitalcollections:pfaffs_2300,1865-03-04,11,009
nyleader,digitalcollections:pfaffs_2309,1865-03-11,11,010
nyleader,digitalcollections:pfaffs_2318,1865-03-18,11,011
nyleader,digitalcollections:pfaffs_2327,1865-03-25,11,012
nyleader,digitalcollections:pfaffs_2336,1865-04-01,11,013
nyleader,digitalcollections:pfaffs_2345,1865-04-08,11,014
nyleader,digitalcollections:pfaffs_2354,1865-04-15,11,015
nyleader,digitalcollections:pfaffs_2363,1865-04-22,11,016
nyleader,digitalcollections:pfaffs_2372,1865-04-29,11,017
nyleader,digitalcollections:pfaffs_2381,1865-05-06,11,018
nyleader,digitalcollections:pfaffs_2390,1865-05-13,11,019
nyleader,digitalcollections:pfaffs_2399,1865-05-20,11,020
nyleader,digitalcollections:pfaffs_2408,1865-05-27,11,021
nyleader,digitalcollections:pfaffs_2417,1865-06-03,11,022
nyleader,digitalcollections:pfaffs_2426,1865-06-10,11,023
nyleader,digitalcollections:pfaffs_2435,1865-06-17,11,024
nyleader,digitalcollections:pfaffs_2444,1865-06-24,11,025
nyleader,digitalcollections:pfaffs_2453,1865-07-01,11,026
nyleader,digitalcollections:pfaffs_2462,1865-07-08,11,027
nyleader,digitalcollections:pfaffs_2471,1865-07-15,11,028
nyleader,digitalcollections:pfaffs_2480,1865-07-22,11,029
nyleader,digitalcollections:pfaffs_2489,1865-07-29,11,030
nyleader,digitalcollections:pfaffs_2498,1865-08-05,11,031
nyleader,digitalcollections:pfaffs_2507,1865-08-12,11,032
nyleader,digitalcollections:pfaffs_2516,1865-08-19,11,033
nyleader,digitalcollections:pfaffs_2525,1865-08-26,11,034
nyleader,digitalcollections:pfaffs_2534,1865-09-02,11,035
nyleader,digitalcollections:pfaffs_2543,1865-09-09,11,036
nyleader,digitalcollections:pfaffs_2552,1865-09-16,11,037
nyleader,digitalcollections:pfaffs_2561,1865-09-23,11,038
nyleader,digitalcollections:pfaffs_2570,1865-09-30,11,039
nyleader,digitalcollections:pfaffs_2579,1865-10-07,11,040
nyleader,digitalcollections:pfaffs_2588,1865-10-14,11,041
nyleader,digitalcollections:pfaffs_2597,1865-10-21,11,042
nyleader,digitalcollections:pfaffs_2606,1865-10-28,11,043
nyleader,digitalcollections:pfaffs_2615,1865-11-04,11,044
nyleader,digitalcollections:pfaffs_2624,1865-11-11,11,045
nyleader,digitalcollections:pfaffs_2633,1865-11-18,11,046
nyleader,digitalcollections:pfaffs_2642,1865-11-25,11,047
nyleader,digitalcollections:pfaffs_2651,1865-12-02,11,048
nyleader,digitalcollections:pfaffs_2660,1865-12-09,11,049
nyleader,digitalcollections:pfaffs_2669,1865-12-16,11,050
nyleader,digitalcollections:pfaffs_2678,1865-12-23,11,051
nyleader,digitalcollections:pfaffs_2687,1865-12-30,11,052
nyleader,digitalcollections:pfaffs_2698,1866-01-06,12,001
nyleader,digitalcollections:pfaffs_2707,1866-01-13,12,002
nyleader,digitalcollections:pfaffs_2720,1866-01-20,12,003
nyleader,digitalcollections:pfaffs_2729,1866-01-27,12,004
nyleader,digitalcollections:pfaffs_2738,1866-02-03,12,005
nyleader,digitalcollections:pfaffs_2747,1866-02-10,12,006
nyleader,digitalcollections:pfaffs_2756,1866-02-17,12,007
nyleader,digitalcollections:pfaffs_2765,1866-02-24,12,008
nyleader,digitalcollections:pfaffs_2774,1866-03-03,12,009
nyleader,digitalcollections:pfaffs_2783,1866-03-10,12,010
nyleader,digitalcollections:pfaffs_2792,1866-03-17,12,011
nyleader,digitalcollections:pfaffs_2801,1866-03-24,12,012
nyleader,digitalcollections:pfaffs_2810,1866-03-31,12,013
nyleader,digitalcollections:pfaffs_2819,1866-04-07,12,014
nyleader,digitalcollections:pfaffs_2828,1866-04-14,12,015
nyleader,digitalcollections:pfaffs_2837,1866-04-21,12,016
nyleader,digitalcollections:pfaffs_2846,1866-04-28,12,017
nyleader,digitalcollections:pfaffs_2855,1866-05-05,12,018
nyleader,digitalcollections:pfaffs_2864,1866-05-12,12,019
nyleader,digitalcollections:pfaffs_2873,1866-05-19,12,020
nyleader,digitalcollections:pfaffs_2882,1866-05-26,12,021
nyleader,digitalcollections:pfaffs_2891,1866-06-02,12,022
nyleader,digitalcollections:pfaffs_2900,1866-06-09,12,023
nyleader,digitalcollections:pfaffs_2909,1866-06-16,12,024
nyleader,digitalcollections:pfaffs_2918,1866-06-23,12,025
nyleader,digitalcollections:pfaffs_2927,1866-06-30,12,026
nyleader,digitalcollections:pfaffs_2936,1866-07-07,12,027
nyleader,digitalcollections:pfaffs_2945,1866-07-14,12,028
nyleader,digitalcollections:pfaffs_2954,1866-07-21,12,029
nyleader,digitalcollections:pfaffs_2963,1866-07-28,12,030
nyleader,digitalcollections:pfaffs_2972,1866-08-04,12,031
nyleader,digitalcollections:pfaffs_2981,1866-08-11,12,032
nyleader,digitalcollections:pfaffs_2990,1866-08-18,12,033
nyleader,digitalcollections:pfaffs_2999,1866-08-25,12,034
nyleader,digitalcollections:pfaffs_3008,1866-09-01,12,035
nyleader,digitalcollections:pfaffs_3017,1866-09-08,12,036
nyleader,digitalcollections:pfaffs_3026,1866-09-15,12,037
nyleader,digitalcollections:pfaffs_3035,1866-09-22,12,038
nyleader,digitalcollections:pfaffs_3044,1866-09-29,12,039
nyleader,digitalcollections:pfaffs_3053,1866-10-06,12,040
nyleader,digitalcollections:pfaffs_3062,1866-10-13,12,041
nyleader,digitalcollections:pfaffs_3071,1866-10-20,12,042
nyleader,digitalcollections:pfaffs_3080,1866-10-27,12,043
nyleader,digitalcollections:pfaffs_3089,1866-11-03,12,044
nyleader,digitalcollections:pfaffs_3098,1866-11-10,12,045
nyleader,digitalcollections:pfaffs_3107,1866-11-17,12,046
nyleader,digitalcollections:pfaffs_3116,1866-11-24,12,047
nyleader,digitalcollections:pfaffs_3125,1866-12-01,12,048
nyleader,digitalcollections:pfaffs_3134,1866-12-08,12,049
nyleader,digitalcollections:pfaffs_3143,1866-12-15,12,050
nyleader,digitalcollections:pfaffs_3153,1866-12-22,12,051
nyleader,digitalcollections:pfaffs_3162,1866-12-29,12,052
nyleader,digitalcollections:pfaffs_3171,1867-01-05,13,001
nyleader,digitalcollections:pfaffs_3180,1867-01-12,13,002
nyleader,digitalcollections:pfaffs_3189,1867-01-19,13,003
nyleader,digitalcollections:pfaffs_3198,1867-01-26,13,004
nyleader,digitalcollections:pfaffs_3207,1867-02-02,13,005
nyleader,digitalcollections:pfaffs_3216,1867-02-09,13,006
nyleader,digitalcollections:pfaffs_3225,1867-02-16,13,007
nyleader,digitalcollections:pfaffs_3234,1867-02-23,13,008
nyleader,digitalcollections:pfaffs_3243,1867-03-02,13,009
nyleader,digitalcollections:pfaffs_3252,1867-03-09,13,010
nyleader,digitalcollections:pfaffs_3261,1867-03-16,13,011
nyleader,digitalcollections:pfaffs_3270,1867-03-23,13,012
nyleader,digitalcollections:pfaffs_3279,1867-03-30,13,013
nyleader,digitalcollections:pfaffs_3288,1867-04-06,13,014
nyleader,digitalcollections:pfaffs_3297,1867-04-13,13,015
nyleader,digitalcollections:pfaffs_3306,1867-04-20,13,016
nyleader,digitalcollections:pfaffs_3315,1867-04-27,13,017
nyleader,digitalcollections:pfaffs_3324,1867-05-04,13,018
nyleader,digitalcollections:pfaffs_3333,1867-05-11,13,019
nyleader,digitalcollections:pfaffs_3342,1867-05-18,13,020
nyleader,digitalcollections:pfaffs_3352,1867-05-25,13,021
nyleader,digitalcollections:pfaffs_3361,1867-06-01,13,022
nyleader,digitalcollections:pfaffs_3370,1867-06-08,13,023
nyleader,digitalcollections:pfaffs_3379,1867-06-15,13,024
nyleader,digitalcollections:pfaffs_3388,1867-06-22,13,025
nyleader,digitalcollections:pfaffs_3397,1867-06-29,13,026
nyleader,digitalcollections:pfaffs_3406,1867-07-06,13,027
nyleader,digitalcollections:pfaffs_3415,1867-07-13,13,028
nyleader,digitalcollections:pfaffs_3424,1867-07-20,13,029
nyleader,digitalcollections:pfaffs_3433,1867-07-27,13,030
nyleader,digitalcollections:pfaffs_3442,1867-08-03,13,031
nyleader,digitalcollections:pfaffs_3451,1867-08-10,13,032
nyleader,digitalcollections:pfaffs_3461,1867-08-17,13,033
nyleader,digitalcollections:pfaffs_3470,1867-08-24,13,034
nyleader,digitalcollections:pfaffs_3479,1867-08-31,13,035
nyleader,digitalcollections:pfaffs_3488,1867-09-07,13,036
nyleader,digitalcollections:pfaffs_3497,1867-09-14,13,037
nyleader,digitalcollections:pfaffs_3506,1867-09-21,13,038
nyleader,digitalcollections:pfaffs_3515,1867-09-28,13,039
nyleader,digitalcollections:pfaffs_3524,1867-10-05,13,040
nyleader,digitalcollections:pfaffs_3533,1867-10-12,13,041
nyleader,digitalcollections:pfaffs_3542,1867-10-19,13,042
nyleader,digitalcollections:pfaffs_3551,1867-10-26,13,043
nyleader,digitalcollections:pfaffs_3560,1867-11-02,13,044
nyleader,digitalcollections:pfaffs_3569,1867-11-09,13,045
nyleader,digitalcollections:pfaffs_3578,1867-11-16,13,046
nyleader,digitalcollections:pfaffs_3587,1867-11-23,13,047
nyleader,digitalcollections:pfaffs_3596,1867-11-30,13,048
nyleader,digitalcollections:pfaffs_3605,1867-12-07,13,049
nyleader,digitalcollections:pfaffs_3614,1867-12-14,13,050
nyleader,digitalcollections:pfaffs_3623,1867-12-21,13,051
nyleader,digitalcollections:pfaffs_3632,1867-12-28,13,052
nyleader,digitalcollections:pfaffs_3641,1868-01-04,14,001
nyleader,digitalcollections:pfaffs_4096,1869-01-02,14,001
nyleader,digitalcollections:pfaffs_3650,1868-01-11,14,002
nyleader,digitalcollections:pfaffs_4105,1869-01-09,14,002
nyleader,digitalcollections:pfaffs_3659,1868-01-18,14,003
nyleader,digitalcollections:pfaffs_4114,1869-01-16,14,003
nyleader,digitalcollections:pfaffs_3668,1868-01-25,14,004
nyleader,digitalcollections:pfaffs_4123,1869-01-23,14,004
nyleader,digitalcollections:pfaffs_3677,1868-02-01,14,005
nyleader,digitalcollections:pfaffs_4132,1869-01-30,14,005
nyleader,digitalcollections:pfaffs_3686,1868-02-08,14,006
nyleader,digitalcollections:pfaffs_4141,1869-02-06,14,006
nyleader,digitalcollections:pfaffs_3695,1868-02-15,14,007
nyleader,digitalcollections:pfaffs_4150,1869-02-13,14,007
nyleader,digitalcollections:pfaffs_3704,1868-02-29,14,008
nyleader,digitalcollections:pfaffs_4158,1869-02-20,14,008
nyleader,digitalcollections:pfaffs_3713,1868-03-07,14,009
nyleader,digitalcollections:pfaffs_4168,1869-02-27,14,009
nyleader,digitalcollections:pfaffs_4177,1869-03-06,14,010
nyleader,digitalcollections:pfaffs_3722,1868-03-14,14,010
nyleader,digitalcollections:pfaffs_4186,1869-03-13,14,011
nyleader,digitalcollections:pfaffs_3731,1868-03-21,14,011
nyleader,digitalcollections:pfaffs_4195,1869-03-20,14,012
nyleader,digitalcollections:pfaffs_3740,1868-03-28,14,012
nyleader,digitalcollections:pfaffs_3749,1868-04-04,14,013
nyleader,digitalcollections:pfaffs_4204,1869-03-27,14,013
nyleader,digitalcollections:pfaffs_4213,1869-04-03,14,014
nyleader,digitalcollections:pfaffs_3758,1868-04-11,14,014
nyleader,digitalcollections:pfaffs_4222,1869-04-10,14,015
nyleader,digitalcollections:pfaffs_3767,1868-04-18,14,015
nyleader,digitalcollections:pfaffs_4231,1869-04-17,14,016
nyleader,digitalcollections:pfaffs_3776,1868-04-25,14,016
nyleader,digitalcollections:pfaffs_3785,1868-05-02,14,017
nyleader,digitalcollections:pfaffs_4240,1869-04-24,14,017
nyleader,digitalcollections:pfaffs_4249,1869-05-01,14,018
nyleader,digitalcollections:pfaffs_3794,1868-05-09,14,018
nyleader,digitalcollections:pfaffs_3803,1868-05-16,14,019
nyleader,digitalcollections:pfaffs_3812,1868-05-23,14,020
nyleader,digitalcollections:pfaffs_3821,1868-05-30,14,022
nyleader,digitalcollections:pfaffs_3830,1868-06-06,14,023
nyleader,digitalcollections:pfaffs_3839,1868-06-13,14,024
nyleader,digitalcollections:pfaffs_3848,1868-06-20,14,025
nyleader,digitalcollections:pfaffs_3857,1868-06-27,14,026
nyleader,digitalcollections:pfaffs_3866,1868-07-04,14,027
nyleader,digitalcollections:pfaffs_3875,1868-07-11,14,028
nyleader,digitalcollections:pfaffs_3884,1868-07-18,14,029
nyleader,digitalcollections:pfaffs_3893,1868-07-25,14,030
nyleader,digitalcollections:pfaffs_3902,1868-08-01,14,031
nyleader,digitalcollections:pfaffs_3911,1868-08-08,14,032
nyleader,digitalcollections:pfaffs_3920,1868-08-15,14,033
nyleader,digitalcollections:pfaffs_3929,1868-08-22,14,034
nyleader,digitalcollections:pfaffs_3938,1868-08-29,14,035
nyleader,digitalcollections:pfaffs_3947,1868-09-05,14,036
nyleader,digitalcollections:pfaffs_3956,1868-09-12,14,037
nyleader,digitalcollections:pfaffs_3965,1868-09-19,14,038
nyleader,digitalcollections:pfaffs_3974,1868-09-26,14,039
nyleader,digitalcollections:pfaffs_3983,1868-10-03,14,040
nyleader,digitalcollections:pfaffs_3992,1868-10-10,14,041
nyleader,digitalcollections:pfaffs_4001,1868-10-17,14,042
nyleader,digitalcollections:pfaffs_4010,1868-10-24,14,043
nyleader,digitalcollections:pfaffs_4019,1868-10-31,14,044
nyleader,digitalcollections:pfaffs_4028,1868-11-07,14,045
nyleader,digitalcollections:pfaffs_4037,1868-11-14,14,046
nyleader,digitalcollections:pfaffs_4046,1868-11-21,14,047
nyleader,digitalcollections:pfaffs_4055,1868-11-28,14,048
nyleader,digitalcollections:pfaffs_4064,1868-12-05,14,049
nyleader,digitalcollections:pfaffs_4073,1868-12-12,14,050
nyleader,digitalcollections:pfaffs_4082,1868-12-19,14,051
nyleader,digitalcollections:pfaffs_4091,1868-12-26,14,052
nyleader,digitalcollections:pfaffs_4258,1869-05-08,15,019
nyleader,digitalcollections:pfaffs_4267,1869-05-15,15,020
nyleader,digitalcollections:pfaffs_4276,1869-05-22,15,021
nyleader,digitalcollections:pfaffs_4285,1869-05-29,15,022
nyleader,digitalcollections:pfaffs_4294,1869-06-05,15,023
nyleader,digitalcollections:pfaffs_4303,1869-06-12,15,024
nyleader,digitalcollections:pfaffs_4312,1869-06-19,15,025
nyleader,digitalcollections:pfaffs_4321,1869-06-26,15,026
nyleader,digitalcollections:pfaffs_4330,1869-07-03,15,027
nyleader,digitalcollections:pfaffs_4339,1869-07-10,15,028
nyleader,digitalcollections:pfaffs_4348,1869-07-17,15,029
nyleader,digitalcollections:pfaffs_4357,1869-07-24,15,030
nyleader,digitalcollections:pfaffs_4366,1869-07-31,15,031
nyleader,digitalcollections:pfaffs_4375,1869-08-07,15,032
nyleader,digitalcollections:pfaffs_4384,1869-08-14,15,033
nyleader,digitalcollections:pfaffs_4393,1869-08-21,15,034
nyleader,digitalcollections:pfaffs_4402,1869-08-28,15,035
nyleader,digitalcollections:pfaffs_4411,1869-09-04,15,036
nyleader,digitalcollections:pfaffs_4420,1869-09-11,15,037
nyleader,digitalcollections:pfaffs_4429,1869-09-18,15,038
nyleader,digitalcollections:pfaffs_4438,1869-09-25,15,039
nyleader,digitalcollections:pfaffs_4447,1869-10-02,15,040
nyleader,digitalcollections:pfaffs_4456,1869-10-09,15,041
nyleader,digitalcollections:pfaffs_4465,1869-10-16,15,042
nyleader,digitalcollections:pfaffs_4474,1869-10-23,15,043
nyleader,digitalcollections:pfaffs_4479,1869-10-27,15,43A
nyleader,digitalcollections:pfaffs_4488,1869-10-30,15,044
nyleader,digitalcollections:pfaffs_4498,1869-11-06,15,045
nyleader,digitalcollections:pfaffs_4503,1869-11-10,15,45A
nyleader,digitalcollections:pfaffs_4512,1869-11-13,15,046
nyleader,digitalcollections:pfaffs_4517,1869-11-17,15,46A
nyleader,digitalcollections:pfaffs_4526,1869-11-20,15,047
nyleader,digitalcollections:pfaffs_4531,1869-11-24,15,47A
nyleader,digitalcollections:pfaffs_4540,1869-11-27,15,048
nyleader,digitalcollections:pfaffs_4545,1869-12-01,15,48A
nyleader,digitalcollections:pfaffs_4554,1869-12-04,15,049
nyleader,digitalcollections:pfaffs_4563,1869-12-11,15,050
nyleader,digitalcollections:pfaffs_4572,1869-12-18,15,051
nyleader,digitalcollections:pfaffs_4585,1869-12-25,15,052
